TCGA ID,indexes,censored,Survival months,codeletion,idh mutation,EGFR,MDM4,MYC,BRAF,EZH2,MET,SMO,KIAA1549,CREB3L2,NTRK1,PRCC,BLM,NTRK3,CRTC3,CDKN2A,CDKN2B,FGFR2,TSHR,TCL1A,TRIP11,GOLGA5,GPHN,DICER1,TCL6,EBF1,ITK,RPL22,CDKN2C,LCP1,RB1,IRF4,FGFR1OP,MLLT4,MYB,ROS1,TNFAIP3,GOPC,CARD11,JAK2,STK11,PTEN,1q,2p,2q,3p,3q,4p,4q,5p,5q,6p,6q,7p,7q,8p,8q,9p,9q,10p,10q,11p,11q,12p,12q,13q,14q,15q,16p,16q,17p,17q,18p,18q,19p,20p,20q,21q,22q
TCGA-02-0001,1,0,358,0,0,1,1,-1,1,1,1,1,1,1,1,1,0,0,0,-2,-2,0,0,0,0,0,0,0,0,0,0,1,1,-2,-2,0,0,0,0,0,0,0,1,1,-1,0,0.232,0.296,0.296,0.351,0.351,0,0,0,0,0,0,1.259,1.259,-0.402,-0.402,0.335,0.335,0,0,-0.132,-0.132,0.335,0.335,0.12,0,0,0,0,-0.211,-0.211,0,0,0,-0.133,-0.133,0.591,0
TCGA-02-0003,2,0,144,0,0,2,0,0,1,1,1,1,1,1,0,0,-1,-1,-1,0,0,-1,0,0,0,0,0,0,0,0,0,0,0,0,0,0,-1,-1,-1,-1,-1,-1,1,0,0,-1,0,0,0,0,0,0,0,0,0,0,0,0.804,0.804,0,0,0,0,-0.866,-0.866,0,0,0,0,0,0,-0.865,0,0,0.76,0.76,0,0,0,0,0,0,0
TCGA-02-0006,3,0,558,0,0,1,0,0,1,1,1,1,1,1,0,0,0,0,0,-1,-1,-1,0,0,0,0,0,0,0,0,0,0,0,-1,-1,0,0,0,0,0,0,0,1,0,0,-2,0,0,0,0,0,0,0,0,0,0,0,0.548,0.548,0,0,0,0,-0.575,-0.575,0,0,0,0,-0.564,0,0,0,0,0,0,-0.494,-0.494,0,0.476,0.476,0.496,0
TCGA-02-0007,4,0,705,0,0,1,2,0,0,0,0,0,0,0,0,0,0,0,0,-1,-1,-1,-1,-1,-1,-1,-1,-1,-1,0,0,0,0,-1,-1,0,-1,-1,-1,-1,-1,-1,2,0,1,-1,0,0,0,0,0,0,0,0,0,0,-0.928,1.629,0,0,0,0,0,0,-0.914,0,0,0,0,-0.885,-0.941,0,0,0,0,0,0,0,0.694,0,0,0,-0.939
TCGA-02-0009,5,0,322,0,0,2,0,0,1,1,1,1,1,1,0,0,0,0,0,-2,-2,-1,0,0,0,0,0,0,0,0,0,0,0,0,0,0,0,0,0,0,0,0,1,-1,1,-1,0,0,0,0,0,0,0,0,0,0,0,0.852,0.852,0,0,0,0,-0.894,-0.894,0,0,0,0,0,0,0,-0.862,-0.862,0,0,0,0,0.738,0,0,0,0
TCGA-02-0010,6,0,1077,0,1,0,0,1,0,0,2,0,0,0,0,0,0,0,0,-1,-1,-1,-1,-1,-1,-1,-1,-1,-1,-1,-1,0,0,-1,-1,0,0,0,0,0,0,0,0,-1,0,-1,0,0,0,0,0,0,0,0,0,0,0,0,0,0.913,0.913,0,0,0,-0.579,-0.821,-0.821,0,0,-0.296,-0.77,0,0,0,0,0,-0.473,0,0,0,0,0,-0.19
TCGA-02-0011,7,0,630,0,0,0,0,0,0,0,0,0,0,0,0,0,-1,0,-1,1,1,-1,-1,-1,-1,-1,-1,-1,-1,-1,-1,0,0,-1,-1,0,0,0,0,0,0,0,-1,1,-1,-1,0,0,0,0,0,0.812,0,0,-0.851,0,0,0,0,0,0,0,0,0.69,0.163,0,0,0,0,-0.864,-0.874,0,0,0,0,0,-0.877,-0.46,0,-0.838,0,-0.87,0
TCGA-02-0014,8,0,2512,0,1,0,1,2,1,1,0,1,1,1,1,1,0,0,0,-2,-2,2,0,0,0,0,0,0,0,0,0,0,0,0,0,0,0,0,-1,-1,-1,-1,0,-1,1,-1,0,0,0,0,0,-0.807,0,0,0,0,0,0,0,0,0,-0.858,0,-0.137,-0.857,0.687,0.687,0,0,0,0,0,0,0,0,0,0,0,0,0,0,0,0
TCGA-02-0015,9,0,627,0,0,1,0,0,1,1,1,1,1,1,0,0,0,0,0,-2,-2,0,0,0,0,0,0,0,0,0,0,-1,0,0,0,0,-1,-1,0,0,0,0,1,-1,1,-1,0,0,0,0,0,0,0,0,0,0,0,-0.584,-0.46,0,0,-0.875,0,0,0,0,0,0,0,0,0,0,0,0,0,0,0,0,0.625,0.768,0.768,-0.387,-0.347
TCGA-02-0016,10,0,2648,0,0,2,0,0,1,1,1,1,1,1,0,0,0,0,0,-2,-2,-1,0,0,0,0,-1,0,0,-1,-1,0,0,0,0,0,0,0,0,0,0,0,1,-1,1,-1,0,0,0,0,0,0,0,0,0,0,0,0.785,0.785,0,0,-0.775,-0.775,-0.814,-0.814,0,0,0,0,0,-0.799,0,0,0,0,0,0,0,0.467,0.712,0.712,0,-0.788
TCGA-02-0021,11,0,2362,0,0,2,0,0,1,1,1,1,1,1,0,0,0,0,0,-1,-1,-1,0,0,0,0,0,0,0,0,0,0,0,0,0,0,0,0,-1,0,-1,0,1,0,1,-1,0,0,0,0,0,0,0,0,0,0,0,0.828,0.828,0,0,0,-1.293,-0.874,-0.874,0,0,0,0,0,0,0,0,0,0,0,0,0,0.656,0.776,0.776,0,0
TCGA-02-0023,12,0,612,0,0,2,0,0,1,1,1,1,1,1,0,0,0,0,0,-2,-2,-1,0,0,0,0,0,0,0,0,0,-1,0,-1,-1,-1,-1,-1,-1,-1,-1,-1,1,0,1,-1,0,0,0,0,0,0,0,0,0,-0.54,-0.54,0.703,0.703,0,0,0,0,-0.742,-0.742,0,0,0,0,0,0,0,0,0,0,0,0,0,0.511,0,0,0,0
TCGA-02-0024,13,0,1615,0,0,0,1,1,-1,-1,2,-1,-1,-1,1,1,-1,-1,-1,-2,-2,0,-1,-1,-1,-1,-1,-1,-1,0,0,-1,0,-1,-1,0,0,0,0,0,0,0,0,1,0,0,0.452,-0.153,-0.153,0,0,0,-0.349,0.432,0,0,0,0,0,0.938,0,0,0,0,0,-0.369,-0.369,0.921,0,0,-0.839,0,0,0,0,0,0,0,0,0,0,0,0
TCGA-02-0025,14,0,1300,0,0,1,0,0,1,1,1,1,1,1,1,1,1,1,1,1,1,0,-1,-1,-1,-1,-1,-1,-1,0,0,-1,1,0,0,0,0,0,0,0,0,0,1,1,0,0,0,0,0,0,0,0,0,-1.061,-1.293,0,0,0.628,0.628,-0.34,-0.34,0.252,0.252,0,0,0,0,0,0,0,-0.339,0,-0.132,0,0,0,0.211,0,0,0.431,0.431,0.561,0
TCGA-02-0026,15,0,748,0,1,0,0,0,0,0,0,0,0,0,0,0,-2,0,0,0,0,-1,0,0,0,0,-1,0,0,-1,-1,0,0,-1,-1,-1,-1,-1,-1,-1,-1,-1,-1,0,-1,-1,0,0,0,0,0,-0.47,-0.47,0,0,-0.359,-0.102,-0.106,0,0,0,0,0,0,-0.517,0,0,-0.761,0,0,0,0,0,0,0,0,0,0,-0.12,0,0,0,0
TCGA-02-0027,16,0,370,0,0,1,0,0,1,1,1,1,1,1,0,0,0,0,0,-2,-2,-1,0,0,0,0,0,0,0,0,0,0,0,0,0,0,-1,-1,-1,0,-1,0,1,-1,0,-1,0,0,0,0,0,0,0,0,0,0,0,0.5,0.5,0,0,-0.617,0,-0.527,-0.527,0,0,0,0,0,0,0,0,0,0,0,0,0,0,0,0,0,-0.761
TCGA-02-0033,17,0,86,0,0,1,0,0,1,1,1,1,1,1,0,0,0,0,0,0,0,-1,0,0,0,0,-1,0,0,0,0,0,0,-1,-1,0,0,0,0,0,0,0,1,0,0,-1,0,0,0,0,0,0,0,0,0,0,0,0.381,0.381,0,0,0,0,-0.373,-0.373,-0.103,-0.103,0,0,-0.329,0,0,0,0,-0.311,-0.311,0,0,0,0,0,0,0
TCGA-02-0034,18,0,430,0,0,1,0,0,1,1,-2,1,1,1,0,0,-1,-1,-1,-2,-2,-1,-1,-1,-1,-1,-1,-1,-1,0,0,0,0,-1,-1,0,0,0,0,0,0,0,1,0,0,-2,0,0,0,0,0,0,0,0,0,0,0,0.453,0.453,0,0,0,0,-0.445,-0.445,0,0,-0.156,-0.156,-0.545,-0.485,-0.487,0,0,0,0,-0.505,0,0,0.19,0.19,0,0
TCGA-02-0037,19,0,110,0,0,1,0,1,1,1,1,1,1,1,0,0,0,0,0,-2,-2,-1,0,0,0,0,0,0,0,0,0,0,0,0,0,0,0,0,0,0,0,0,1,-1,1,-1,0,0,0,0,0,0,0,0,0,0,0,0.785,0.785,0,0.756,0,0,-0.843,-0.843,0,0,0,0,0,0,0,0,0,0,0,0,0,0.696,0.773,0.773,0,0
TCGA-02-0038,20,0,326,0,0,2,0,0,1,1,1,1,1,1,0,0,0,0,0,-2,-2,-1,0,0,0,0,0,0,0,0,0,0,0,0,0,0,0,0,0,-1,0,-1,1,0,1,-1,0,0,0,0,0,0,0,0,0,0,0,0.749,0.749,0,0,0,0,-0.77,-0.77,0,0,0,0,0,0,0,0,0,0,0,0,0,0.58,0,0.67,0,0
TCGA-02-0048,21,0,98,0,0,2,0,0,0,0,0,2,0,0,0,0,-1,-1,-1,-1,-1,-1,-1,-1,-1,-1,-1,-1,-1,0,0,0,0,0,0,-1,-1,-1,-1,-1,-1,-1,0,0,0,-1,0,0,0,0,0,0,0,0,0,-0.369,-0.369,0,0,0,0,-1.293,0,-1.293,-1.293,-0.462,-0.462,0,0,0,-0.836,-0.415,0,0,0,0,0,0,0,0,0,0,0
TCGA-02-0052,22,0,383,0,0,1,1,0,1,1,1,1,1,1,1,1,0,0,0,1,1,-1,0,0,0,0,0,0,0,-1,-1,1,1,-1,-1,1,1,1,1,1,1,1,1,1,0,-1,0.143,0,0,0,0,0,0,-0.115,-0.115,0.106,0.106,0.382,0.382,0,0,0.148,0.148,-0.673,-0.673,-0.126,-0.126,0,0,-0.626,0,0,-0.108,-0.108,0,0,0,0,0,0,0,0,0
TCGA-02-0054,23,0,199,0,0,1,0,0,1,1,1,1,1,1,0,0,-1,-1,-1,-2,-2,-1,0,0,0,0,0,0,0,1,1,0,0,-1,-1,0,0,0,0,0,0,0,1,-2,1,-1,0,0,0,0,0,-0.131,-0.131,0.159,0.159,0,0,1.001,1.001,0,0,-0.017,0.174,-0.138,-0.138,0.531,0,0.473,0.473,-0.412,0,-0.148,0,0,0,0,0,0,0,0.426,0.426,0,-0.149
TCGA-02-0058,24,0,254,0,1,0,0,0,0,0,0,0,0,0,0,0,0,0,0,-1,-1,-2,-2,-2,-2,-2,-2,-2,-2,0,0,0,0,0,0,0,-2,-2,-2,-2,-2,-2,0,-1,0,2,0,0,0,0,0,0,0,0,0,0,0,0,0,0,0,-0.233,0,0,0,0,0,0,0,0,0,0,0,0,0,0,0,0,0,0,0,0,0
TCGA-02-0068,25,0,804,0,0,2,0,0,0,0,0,0,0,0,0,0,0,0,0,-2,-2,-1,0,0,0,0,0,0,0,0,0,-1,0,-1,-1,0,0,0,-1,0,-1,0,0,-1,1,-1,0,0,0,0,0,0,0,0,0,0,0,0,0,0,0,0,0,-0.654,-0.654,0,0,0,0,-0.384,0,0,0,0,0,0,0,0,0.413,0.572,0.572,0,0
TCGA-02-0069,26,1,873,0,0,1,0,0,0,0,0,0,0,0,1,1,1,0,1,1,1,0,-1,-1,-1,-1,-1,-1,-1,-1,-1,-1,0,-1,-1,1,1,1,1,1,1,1,0,1,0,0,0,0,0,0.254,0,-0.066,1.208,-0.526,-0.526,0.552,0.552,0,0,0,0,0.457,0.457,2.442,0,-0.495,-0.495,0,0,-0.522,0,0,0.568,0.568,-0.528,0,0,0,0,0,0.772,0.484,0.764
TCGA-02-0070,27,1,762,0,0,1,0,0,1,1,1,1,1,1,0,0,0,0,0,-1,-1,-1,0,0,0,0,0,0,0,0,0,0,0,0,0,0,0,0,0,0,0,0,1,0,1,-1,0,0,0,0,0,0,0,0,0,0,0,0.602,0.602,0,0,0,0,-0.677,-0.677,0,0,0.597,0.597,0,0,0,0,0,0,0,0,0,0.494,0,0,0,0
TCGA-02-0071,28,0,167,0,0,2,2,0,1,1,1,1,1,1,0,0,0,0,0,-2,-2,-1,0,0,0,0,0,0,0,0,0,0,0,0,0,0,0,0,0,0,0,0,1,0,1,-1,0,0,0,0,0,0,0,0,0,0,0,0.678,0.678,0,0,0,0,-0.699,-0.699,0,0,0,0,0,0,0,0,0,0,0,0,0,0.584,0,0,0,0
TCGA-02-0074,29,0,310,0,0,1,0,1,1,1,1,1,1,1,0,0,-1,-1,-1,1,1,-1,-1,-1,-1,-1,-1,-1,-1,0,0,0,-2,0,0,-1,-1,-1,-1,-1,-1,-1,1,1,1,-1,0,-0.248,-0.248,0.193,0.193,0.204,0.204,0,0,-0.235,-0.235,0.567,0.567,0.172,0.172,0.201,0.201,-0.846,-0.846,-0.241,-0.241,0.134,0.134,0,-0.718,-0.218,-0.448,-0.448,0,0,0.203,0.203,0.192,0.25,0.25,0,0.257
TCGA-02-0075,30,0,634,0,0,1,0,1,1,1,1,1,1,1,0,0,1,1,1,0,0,-1,1,1,1,1,1,1,1,1,1,0,0,-1,-1,0,1,1,1,1,1,1,1,0,1,-1,0,-0.175,-0.175,0,0,0.357,0.357,0.173,0.173,0,0,0.898,0.898,0.493,0.493,0,0,-0.558,-0.558,-0.173,-0.173,-0.537,-0.537,-0.539,0.192,0.227,0.105,0.105,0,0,-0.247,-0.247,0.205,0.121,0.121,0.206,-0.126
TCGA-02-0079,31,0,829,0,0,1,0,0,1,1,1,1,1,1,0,0,-1,-1,-1,0,0,-1,0,0,0,0,0,0,0,0,0,0,0,-1,-1,0,0,0,0,0,0,0,1,0,0,-1,0,0,0,0,0,-0.398,-0.398,0,0,0,0,0.495,0.495,0,0,0,0,-0.513,-0.513,0,0,0,0,-0.499,0,-0.12,0.289,0.289,-0.509,-0.509,-0.504,-0.504,0,0,0.499,0.445,0
TCGA-02-0085,32,0,1561,0,0,1,0,0,1,1,1,1,1,1,0,0,0,0,0,-2,-2,-1,0,0,0,0,0,0,0,0,0,0,0,0,0,0,0,0,0,0,0,0,1,0,0,-1,0,0,0,0,0,0,0,0,0,0,0,0.415,0.415,0,0,0,0,-0.433,-0.433,0,0,0,0,0,0,0,0,0,0,0,0,0,0,0,0,0,0
TCGA-02-0086,33,0,268,0,0,1,0,-1,1,1,1,1,1,1,0,0,0,0,0,-2,-2,-1,-1,-1,-1,-1,-1,-1,-1,1,1,0,0,0,0,-1,-1,-1,-1,-1,-1,-1,1,-2,0,-1,0,0,0,0,0,0,0,0.441,0.441,-0.445,-0.445,0.863,0.863,-0.445,-0.445,-0.779,0,-0.44,-0.44,-0.433,-0.433,0,0,0,-0.437,0,0,0,-0.416,0,0,0,0,0.416,0.416,0,-0.43
TCGA-02-0099,34,0,106,0,0,1,0,0,1,1,1,1,1,1,1,1,0,0,0,-1,-1,-1,-1,-1,-1,-1,-1,-1,-1,0,0,0,0,-1,-1,0,0,0,-1,-1,-1,-1,1,-1,0,-1,0,0,0,0,0,0,0,0,0,0,0,0.697,0.697,0,0,-0.701,0,-0.726,-0.726,0,0,0,0,-0.724,-0.723,0,0,0,0,0,0,0,0,0,0,0,-0.729
TCGA-02-0115,35,0,476,0,0,1,0,-1,1,1,1,1,1,1,0,0,-1,-1,-1,-2,-2,-1,0,0,0,0,0,0,0,0,0,-1,-1,-1,-1,-1,-1,-1,-1,-1,-1,-1,1,-1,1,-1,0,0,0,0,0,0,0,-0.533,0,-0.161,-0.161,0.564,0.564,-0.467,-0.467,-0.568,0,-0.255,-0.255,0,0,0,0,-0.486,0,-0.121,0,0,0,0,0,0,0.311,0.231,0.231,0,0
TCGA-02-0258,36,0,503,NA,NA,0,0,0,1,1,1,1,1,1,0,0,-1,-1,-1,-2,-2,-1,-2,-2,-2,-2,-2,-2,-2,0,0,0,0,0,0,0,-1,-1,-1,-1,-1,-1,0,-1,1,-1,0,0,0,0,0,0,0,0,0,0,-0.867,0,0.955,0,0,-0.543,0,0,0,0,0,0,0,0,0,-0.155,-0.248,-0.248,-0.153,-0.153,0,0,0.235,0.124,0.124,0,0
TCGA-02-0266,37,0,539,NA,NA,1,1,0,1,1,1,1,1,1,1,1,-1,-1,-1,-1,-1,0,-1,-1,-1,-1,-1,-1,-1,0,0,1,1,0,0,-1,0,0,0,0,0,0,1,1,1,0,0.714,0,0,-0.142,0,0,0,0,0,0,0,1.434,1.434,0,0,1.347,1.347,0,0,0,0,1.303,0,0,0,0,-0.132,-0.132,0.139,0.139,1.166,1.166,1.038,0.901,0.901,-0.769,-0.207
TCGA-02-0269,38,0,327,NA,NA,2,1,0,1,1,1,1,1,1,1,1,-1,-1,-1,-2,-2,-1,0,0,0,0,0,0,0,0,0,1,-1,0,0,0,0,0,0,0,0,0,1,0,1,-1,-0.277,0,0,0,0,0,0,0,0,0,0,0.85,0.85,0,0,-0.11,-0.11,-0.921,-0.921,0,0,0,0,0,0,-0.104,0,0,-0.158,-0.158,0,0,0.569,0.733,0.733,0,-0.182
TCGA-02-0281,39,0,121,NA,NA,1,-1,-1,1,2,2,1,1,1,-1,-1,-1,-1,-1,-2,-2,-1,-1,-1,-1,-1,-1,-1,-1,0,0,-1,-1,1,1,-1,-1,-1,-1,-1,-1,-1,1,1,0,-1,-0.126,0.239,0.239,0.14,0.14,0,0,0,0,-0.237,-0.237,0.313,0.313,-0.124,-0.124,0.264,0.264,-0.578,-0.578,-0.499,-0.499,0,0,0.215,-0.853,-0.289,-0.81,-0.168,0.318,0.318,0.22,0.22,0,-0.204,-0.204,-0.342,0.247
TCGA-02-0285,40,0,422,NA,NA,1,0,0,1,1,1,1,1,1,0,0,0,0,0,-2,-2,-1,0,0,0,0,0,0,0,0,0,0,0,0,0,0,0,0,0,0,0,0,1,-1,1,-1,0,0,0,0,0,0,0,0,0,0,0,3.657,3.657,0,0,-0.635,-0.635,-0.633,-0.633,0,0,0,0,0,0,0,0,0,0,0,0,0,0.436,0.574,0.574,0,0
TCGA-02-0289,41,0,432,NA,NA,2,0,-1,1,1,1,1,1,1,0,0,0,0,0,-1,-1,-1,0,0,0,0,0,0,0,0,0,0,0,0,0,-1,-1,-1,0,0,0,0,1,0,1,-1,0,0,0,0,0,0,0,0,0,0,0,0.81,0.81,0,0,0,0,-1.293,-1.293,0,0,0,0,0,0,0,0,0,0,0,0,0,0.495,0.73,0.73,0,0
TCGA-02-0317,42,0,372,NA,NA,2,0,0,1,1,1,1,1,1,0,0,0,0,0,-2,-2,-1,0,0,0,0,0,0,0,0,0,0,0,0,0,0,-1,-1,-1,-1,-1,-1,1,0,0,-1,0,0,0,0,0,0,0,0,0,-0.865,-0.865,1.663,1.663,0,0,0,0,-0.872,-0.872,0,0,0,0,0,0,0,0,0,0,0,0,0,0,0,0,0,0
TCGA-02-0321,43,0,301,NA,NA,1,0,0,1,1,1,1,1,1,0,0,1,1,1,-1,-1,-1,0,0,0,0,0,0,0,0,0,0,0,-1,-1,0,0,0,0,0,0,0,0,0,0,-1,0,0,0,0,0,0,0,0,0,0,0,0.463,0.463,0,0,0,0,-0.466,-0.466,0,0,0,0,0,0,0,0,-0.447,0,0,0,0,0,0,0,0,-0.451
TCGA-02-0325,44,0,323,NA,NA,1,0,1,1,1,1,1,1,1,0,0,0,0,0,-2,-2,-1,-1,-1,-1,-1,-1,-1,-1,0,0,0,0,-1,-1,-1,-1,-1,-1,-1,-1,-1,1,1,0,-1,0,0,0,0.138,0.138,0,0,0,0,-0.344,-0.344,0.494,0.494,0.186,0.186,0.158,0.158,-0.486,-0.486,0,0,0,0,-0.485,-0.361,0,0,0,0.132,0.132,0.295,0.295,0,0,0,0,-0.496
TCGA-02-0326,45,0,223,NA,NA,1,0,0,1,1,1,1,1,1,0,0,0,0,0,-2,-2,0,0,0,0,0,0,0,0,0,0,0,0,0,0,0,0,0,0,0,0,0,1,0,0,0,0,0,0,0,0,0,0,0,0,0,0,0.484,0.484,0,0,0,0,0,0,0,0,0,0,0,0,0,0,0,0,0,0,0,0,0,0,0,-0.473
TCGA-02-0330,46,0,484,NA,NA,1,2,0,1,1,1,1,1,1,1,1,0,0,0,-1,-1,-1,-1,-1,-1,-1,-1,-1,-1,0,0,0,0,-1,-1,0,-1,-1,-1,-1,-1,-1,1,-1,0,-1,0.149,0,0,-0.56,-0.56,0,0,0,0,0,-0.54,0.586,0.586,0,0,-0.544,-0.544,-0.571,-0.571,0,0,0,0,-0.557,-0.578,0,0,0,0,0,0,0,0,0,0,0,0
TCGA-02-0332,47,0,782,NA,NA,1,0,0,1,1,1,1,1,1,1,1,0,0,0,1,1,-1,-1,-1,-1,-1,-1,-1,-1,0,0,1,1,0,0,0,0,0,0,0,0,0,1,1,0,-1,0,0,0,0.434,0.434,0,0,0,0,0,0,0.46,0.46,0,0,0.407,0.407,-0.41,-0.41,-0.303,-0.303,0,0,0,-0.413,0,0,0,0,0,0,0,0,0,0,0,0
TCGA-02-0333,48,0,133,NA,NA,2,1,0,0,0,0,1,0,0,0,0,0,0,0,-2,-2,-1,0,0,0,0,0,0,0,0,0,-1,-2,0,0,0,0,0,0,0,0,0,1,-1,1,-1,0,0,0,0,0,0,0,0,0,0,0,0.902,0,0,0,-0.936,0,-0.954,-0.954,0,0,0,0,0,0,0,0,0,0,0,0,0,0.973,0.973,0.973,0,-0.955
TCGA-02-0337,49,0,764,NA,NA,1,0,0,1,1,1,1,1,1,0,0,0,0,0,0,0,-1,0,0,0,0,0,0,0,0,0,0,0,0,0,0,0,0,0,0,0,0,1,0,0,-1,0,0,0,0,0,0,0,0,0,0,0,0.485,0.485,0,0,0,0,-0.503,-0.503,0,0,0,0,0,0,0,0,-0.434,0,0,0,0,0,0,0,0.458,0
TCGA-02-0338,50,0,322,NA,NA,0,0,0,0,0,0,0,0,0,0,0,0,0,0,0,0,0,0,0,0,0,0,0,0,0,0,0,0,0,0,0,0,0,0,0,0,0,0,0,0,-2,0,0,0,0,0,0,0,0,0,0,0,0,0,0,0,0,0,0,0,0,0,0,0,0,0,0,0,0,0,0,0,0,0,0,0,0,0
TCGA-02-0339,51,0,377,NA,NA,0,0,0,0,0,0,0,0,0,0,0,0,0,0,-1,-1,0,0,0,0,0,0,0,0,0,0,0,0,-1,-1,0,0,0,0,0,0,0,0,-1,0,0,0,0,0,0,0,0,0,-0.892,0,0,0,0,0,0,0,-0.864,0,0,0,0,-0.898,0,0,-0.893,0,0,0,0,0,0,0,0,0,0,0,-0.904,0
TCGA-02-0422,52,0,441,NA,NA,2,1,0,1,1,1,1,1,1,0,0,0,0,0,-2,-2,-1,0,0,0,0,0,0,0,0,0,0,0,0,0,0,-1,-1,-1,-1,-1,-1,0,-1,0,-1,0,0,0,0,0,0,0,0,0,0,-0.788,0,0.639,0,0,0,0,-0.783,-0.783,0,0,0,0,0,0,0,0,0,0,0,0,0,0,0,0,0,0
TCGA-02-0430,53,0,321,NA,NA,2,1,0,1,1,1,1,1,1,0,0,0,0,0,-2,-2,-1,0,0,0,0,0,0,0,0,0,0,0,-1,-1,0,-1,-1,-1,-1,-1,-1,1,0,1,-1,0,0,0,0,0,0,0,0,0,0,-0.679,0.844,0.844,-0.651,0,0,0,-0.844,-0.844,0,0,0,0,0,0,0,0,0,0,0,0,0,0.685,0,0,0,-0.858
TCGA-02-0432,54,0,1433,NA,NA,0,0,0,0,0,0,0,0,0,0,0,0,0,0,-1,-1,0,-1,-1,-1,-1,-1,-1,-1,0,0,0,0,0,0,0,-1,-1,-1,-1,-1,-1,-1,-1,0,0,0,0,0,-0.549,0,0,0,0,0,0,-0.886,0,0,0,0,-0.825,0,0,0,0,0,0,0,0,0,0,0,0,0,0,0,0,0,0,0,0,0
TCGA-02-0440,55,0,345,NA,NA,1,0,0,1,1,1,1,1,1,0,0,0,0,0,-2,-2,-1,0,0,0,0,0,0,0,0,0,0,0,-1,-1,0,0,0,0,0,0,0,1,-1,0,-1,0,0,0,0,0,0,0,0,0,0,0,0.572,0.572,0,0,0,0,-0.892,-0.892,0,0,0,0,-0.878,0,0,0,0,0,0,0,0,0,0,0,0,0
TCGA-02-0446,56,0,282,NA,NA,1,0,0,1,1,1,1,1,1,0,0,0,0,0,-2,-2,-1,-1,-1,-1,-1,-1,-1,-1,0,0,-1,-2,-1,-1,0,0,0,0,0,0,0,1,0,0,-1,0,0,0,0,0,0,0,0,0,0,0,0.663,0.663,0,0,0,0,-0.679,-0.679,0,0,0,0,-0.421,-0.671,0,0,0,0,0,0,0,0,0,0,0,0
TCGA-02-0451,57,0,493,NA,NA,2,1,0,1,1,1,1,1,1,1,1,0,0,0,-2,-2,-1,0,0,0,0,0,0,0,0,0,1,1,0,0,0,0,0,0,0,0,0,1,-1,0,-1,0.673,0,0,0,0,0,0,0,0,0,0,0.747,0.747,0,0,0,0,-0.73,-0.73,0,0,0,0,0,0,0,0,0,0,0,0,0,0,0,0,0,0
TCGA-06-0122,58,0,187,0,0,2,0,0,0,0,0,0,0,0,0,0,0,0,0,-2,-2,-1,0,0,0,0,0,0,0,0,0,0,0,-1,-1,0,0,-1,-1,0,-1,0,1,-1,1,-1,0,0,0,0,0,0,0,0,0,0,0,0.653,0.653,0,0,-0.696,0,-0.714,-0.714,0,0,0,0,-0.702,0,0,0,0,0,0,0,0,0.491,0.539,0.539,0,0
TCGA-06-0124,59,0,620,0,0,2,0,0,1,1,1,1,1,1,0,0,-1,-1,-1,-2,-2,-1,0,0,0,0,0,0,0,0,0,-1,0,0,0,0,0,0,0,0,0,0,1,-1,1,-1,0,0,0,0,0,0,0,0,0,0,0,0.594,0.594,0,0,-0.61,0,-0.624,-0.624,0,0,0,0,0,0,-0.61,0,0,0,0,0,0,0.523,0,0,0,0
TCGA-06-0125,60,0,1448,0,0,2,0,0,1,1,1,1,1,1,0,0,0,0,0,-2,-2,-1,0,0,0,0,0,0,0,0,0,0,0,0,0,0,0,0,0,0,0,0,1,0,1,-1,0,0,0,0,0,0,0,0,0,0,0,0.856,0.856,0,0,0,0,-0.938,-0.938,0,0,0,0,0,0,0,0,0,0,0,0,0,0.723,0.816,0.816,0,0
TCGA-06-0126,61,0,211,0,0,2,0,0,1,1,1,1,1,1,0,0,0,0,0,-2,-2,-1,0,0,0,0,0,0,0,0,0,-1,0,0,0,0,0,0,0,0,0,0,1,-1,1,-1,0,0,0,0,0,0,0,0,0,0,0,0.748,0.748,0,0,0,0,-0.809,-0.809,0,0,0,0,0,0,0,0,0,0,0,0,0,0.633,0.722,0.722,0,0
TCGA-06-0127,62,0,121,0,0,2,0,0,0,0,0,0,0,0,0,0,0,0,0,-2,-2,-1,0,0,0,0,0,0,0,0,0,0,0,0,0,0,0,0,0,0,0,0,0,0,1,-1,0,0,0,0,0,0,0,0,0,0,0,0,0,0,0,0,0,-0.635,-0.635,0,0,0,0,0,0,0,0,0,0,0,0,0,0.508,0.562,0.562,0,0
TCGA-06-0128,63,0,691,0,1,1,1,1,1,1,1,1,1,1,1,1,-1,-1,-1,-1,-1,-1,-1,-1,-1,-1,-1,-1,-1,-1,-1,0,0,-1,-1,0,0,0,0,0,0,0,1,-1,0,-1,0.114,0,0.13,-0.166,-0.166,0,0,-0.214,-0.214,0,0,0.112,0.112,0.111,0.111,-0.134,-0.134,-0.29,-0.29,-0.768,0.318,0,0,-0.756,-0.468,-0.448,0.104,0.104,0,0,0.157,0.157,0,0.108,0.108,0,0
TCGA-06-0129,64,0,1024,0,1,0,0,0,0,0,0,0,0,0,0,0,-1,-1,-1,0,0,-1,-1,-1,-1,-1,-1,-1,-1,0,0,0,0,0,0,-1,0,0,0,0,0,0,0,0,0,-1,0,0,0,0,0,0,0,0,0,-0.427,-0.427,0,0,0,0,0.85,0.85,0,-0.478,0,0,0,0,0,-0.41,-0.332,0,0,0,0,-0.24,-0.24,0,0,0,0,-0.414
TCGA-06-0130,65,0,394,0,0,1,1,0,1,1,1,1,1,1,1,1,1,1,1,1,1,-1,-1,-1,-1,-2,-1,-1,-1,0,0,1,0,-1,-1,-1,-1,-1,-1,-1,-1,-1,1,1,0,-2,0.111,0,0,0,0,0.149,0.149,0,0,-0.276,-0.276,0.595,0.595,0,0,0,0,-0.277,-0.277,0.116,-0.203,0,0,-0.282,-0.272,0.185,0,0,-0.251,-0.251,0.104,0.104,0,0.173,0.173,0.629,0.224
TCGA-06-0133,66,0,435,0,0,2,1,0,1,1,1,1,1,1,1,1,0,0,0,-2,-2,-1,0,0,0,0,0,0,0,0,0,1,1,0,0,0,0,0,0,0,0,0,1,0,0,-1,0.584,0.459,0.459,0,0,0,0,0,0,0,0,0.786,1.018,0,0,0,0,-0.561,-0.561,0,0,0,0,0,0,0,0,0,0,0,0,0,0,0,0,0,0
TCGA-06-0137,67,0,812,0,0,2,0,0,1,1,1,1,1,1,0,0,0,0,0,-2,-2,-1,0,0,0,0,0,0,0,0,0,-1,0,0,0,0,0,0,0,0,0,0,1,1,1,-1,0,0,0,0,0,0,0,0,0,0,0,0.863,0.863,0,0,0,0,-0.951,-0.951,0,0,0,0,0,0,0,0,0,0,0,0,0,0.743,0.827,0.827,0,0
TCGA-06-0138,68,0,737,0,0,2,0,0,1,1,1,1,1,1,0,0,0,0,0,0,0,-1,-1,-1,-1,-1,-1,-1,-1,0,0,0,0,-1,-1,-1,-1,-1,-1,-1,-1,-1,1,0,0,-1,0,0,0,0,0,-0.22,-0.22,0,0,-0.31,-0.31,0.99,0.99,0,0,0,0,-0.863,-0.863,0,0,0,0,-0.142,-0.831,0,0,0,0,0,0,0,0,0,0,0,0
TCGA-06-0139,69,0,362,0,0,1,0,0,1,1,1,1,1,1,0,0,0,0,0,-1,-1,-1,0,0,0,0,0,0,0,0,0,0,0,0,0,0,0,0,0,0,0,0,1,-1,0,-1,0,0,0,0,0,0,0,0,0,0,0,0.104,0.104,0,0,0,0,-0.11,-0.11,0,0,0,0,0,0,0,0,0,0,0,0,0,0,0,0,0,0
TCGA-06-0141,70,0,313,0,0,1,0,0,1,1,1,1,1,1,0,0,0,0,0,-1,-1,-1,-1,-1,-1,-1,-1,-1,-1,0,0,0,0,0,0,-1,-1,-1,-1,-1,-1,-1,1,-1,0,-1,0,0,0,0,0,0,0,0,0,-0.156,-0.156,0.193,0.193,0,0,-0.158,-0.158,-0.157,-0.157,0,0,0,0,0,-0.135,0,0,0,0,0,0,0,0,0,0,0,-0.132
TCGA-06-0143,71,0,357,0,0,2,2,0,1,1,1,1,1,1,0,0,0,0,0,-2,-2,-1,-1,-1,-1,-1,-1,-1,-1,0,0,0,0,0,-1,0,0,0,0,0,0,0,1,0,0,-1,0,0,0,0,0,0,0,0,0,0,0,0.571,0.571,0,0,0,0,-0.182,-0.631,0,0,0,0,0,-0.631,0,0,0,0,0,0,0,0,0,0,0,0
TCGA-06-0145,72,0,71,0,0,2,1,0,1,1,1,1,1,1,0,0,0,0,0,-2,-2,-1,0,0,0,0,0,0,0,0,0,0,0,0,0,0,0,0,0,0,0,0,1,-1,1,-1,0,0,0,0,0,0,0,0,0,0,0,0.754,0.754,0,0,-0.758,0,-0.827,-0.827,0,0,0,0,0,0,0,0,0,0,0,0,0,0.672,0,0,0,0
TCGA-06-0147,73,0,541,0,0,1,0,0,1,1,1,1,1,1,0,0,0,0,0,0,0,-1,0,0,0,0,0,0,0,0,0,0,0,-1,-1,0,0,0,0,0,0,0,1,0,1,-1,0,0,0,0,0,0,0,0,0,0,0,0.25,0.25,0,0,0,0,-0.199,-0.199,0,0,-0.11,-0.11,-0.2,0,0,0,0,-0.127,-0.127,0.243,0.243,0.185,0.212,0.212,0,-0.179
TCGA-06-0148,74,0,307,0,0,2,0,0,1,1,1,1,1,1,0,0,0,0,0,-2,-2,-2,0,0,0,0,0,0,0,0,0,0,0,0,0,0,0,0,0,0,0,0,1,-2,1,-2,0,0,0,0,0,0,0,0,0,0,0,0.811,0.811,0,0,0,0,0,0,0,0,0,0,0,0,0,0,0,0,0,0,0,0.551,0.761,0.761,0,0
TCGA-06-0152,75,0,375,0,0,2,1,0,1,1,1,1,1,1,1,1,0,0,0,0,0,-1,0,0,0,0,0,0,0,0,0,1,1,-1,-1,0,0,0,0,0,0,0,1,0,1,-1,0.359,-0.303,-0.303,-0.314,-0.314,-0.322,-0.322,0,0,0,0,0.382,0.382,0,0,0,0,-0.709,-0.709,0,0,0,0,-0.338,0,0,0,0,-0.35,-0.35,0,0,0.513,0.6,0.6,0,-0.719
TCGA-06-0154,76,0,424,0,0,2,2,0,1,1,1,1,1,1,0,0,0,0,0,-2,-2,-1,0,0,0,0,0,0,0,0,0,0,0,0,0,0,0,-1,-1,-1,-1,-1,0,-1,1,-1,0,0,0,0,0,0,0,0,0,0,0,0.813,0.813,0,0,-0.791,0,-0.797,0,0,0,0,0,0,0,0,0,0,0,0,0,0,0.634,0.783,0.783,0,0
TCGA-06-0156,77,0,178,NA,NA,,,,,,,,,,,,,,,,,,,,,,,,,,,,,,,,,,,,,,,,,,,,,,,,,,,,,,,,,,,,,,,,,,,,,,,,,,,,,,
TCGA-06-0157,78,0,97,0,0,2,2,0,1,1,1,1,1,1,0,0,0,0,0,0,0,-1,0,0,0,0,0,0,0,0,0,0,0,0,0,0,0,0,0,0,0,0,1,0,1,-1,0,0,0,0,0,0,0,0,0,0,0,0.871,0.871,0,0,0,0,-0.882,-0.882,0,0,0,0,0,0,0,0,0,0,0,0,0,0.762,0.464,0.464,0,0
TCGA-06-0158,79,0,329,0,0,2,0,0,0,0,0,0,0,0,0,0,0,0,0,-2,-2,-1,0,0,0,0,0,0,0,0,0,-1,0,-1,-1,0,0,0,0,0,0,0,0,-1,1,-1,0,0,0,0,0,0,0,0,0,0,0,1.399,1.399,0,0,-0.521,-0.327,-0.868,-0.868,0,0,0,0,-0.873,0,0,0,0,0,0,0,0,0.777,0.831,0.831,0,0
TCGA-06-0166,80,0,178,0,0,1,1,0,1,1,1,1,1,1,1,1,1,1,1,-2,-2,-1,-1,-1,-1,-1,-1,-1,-1,0,0,-1,1,-1,-1,-1,-1,-1,-1,-1,-1,-1,1,-1,0,-1,0,0,0,0.253,0.253,-0.243,-0.243,0,0,-0.415,-0.415,0.619,0.619,0,0,-0.173,0.239,-0.435,-0.435,-0.3,-0.3,0,0,-0.429,-0.43,0.419,0.166,0.166,0.196,0.196,0,0,0,0,0,0,-0.413
TCGA-06-0168,81,0,598,0,0,1,1,0,1,1,1,1,1,1,1,1,0,0,0,0,0,-1,0,0,0,0,0,0,0,0,0,-1,1,-1,0,0,0,0,0,0,0,0,1,0,0,-1,0.718,0,0,0,0,0,0,0,0,0,0,0.735,0.735,0,0,0,0,-0.709,-0.709,0,0,0,0,-0.661,0,0,-0.636,-0.636,0,0,0,0,0,0,0,0.797,-0.643
TCGA-06-0169,82,0,100,0,0,2,0,0,1,1,1,1,1,1,0,0,0,0,0,-2,-2,-1,0,0,0,0,0,0,0,0,0,0,0,0,0,0,0,0,0,0,0,0,1,0,0,-1,0,0,0,0,0,0,0,0,0,0,0,0.56,0.56,0,0,0,0,-0.577,-0.577,0,0,0,0,0,0,0,0,0,0,0,0,0,0,0.552,0.552,0,0
TCGA-06-0171,83,0,399,0,0,1,0,-1,1,1,1,1,1,1,0,0,0,0,0,-2,-2,-1,-1,-1,-1,-1,-1,-1,-1,0,0,-1,0,0,0,0,0,0,-1,0,-1,0,1,-1,0,-1,0,0,0,0,0,0,0,0,0,0,0,0.622,0.622,-0.499,-0.499,-0.732,0,-0.732,-0.732,0,0,0,0,0,-0.385,0,-0.184,-0.672,0,0,-0.713,0,0,0.751,0.751,0,0
TCGA-06-0173,84,0,136,0,0,2,0,0,1,1,1,1,1,1,0,0,0,0,0,-1,-1,-1,0,0,0,0,0,0,0,0,0,0,0,0,0,0,0,0,0,0,0,0,1,-1,1,-1,0,0,0,0,0,-0.259,0,0,0,0,0,1.134,1.134,0,0,-0.127,-0.127,-1.033,-1.033,0,0,0,0,0,0,0,0,0,0.394,0.394,-0.133,-0.133,0.157,0.852,0.852,0,0
TCGA-06-0174,85,0,98,0,0,2,0,0,1,1,1,1,1,1,0,0,-1,-1,-1,0,0,-1,0,0,0,0,0,0,0,0,0,0,0,0,0,0,0,0,0,0,0,0,1,0,1,-1,0,0,0,0,0,3.459,3.456,0,0,0,0,1.232,1.232,0,0,0,0,-1.037,-1.037,-0.199,-0.199,-1.21,-1.21,0,0,-0.148,0,0,0,0,0,0,0.81,0.103,0.103,0,0
TCGA-06-0176,86,1,2768,0,0,1,0,0,1,1,1,1,1,1,0,0,0,0,0,0,0,0,0,0,0,0,0,0,0,0,0,0,0,0,0,0,0,0,0,0,0,0,1,0,0,0,0,0,0,0,0,0,0,0,0,0,0,0.469,0.469,0,0,0,0,0,0,0,0,0,0,0,0,0,0,0,0,0,0,0,0,0.313,0.313,0.606,0
TCGA-06-0178,87,0,2681,0,1,0,0,0,0,0,0,0,0,0,0,0,0,0,0,0,0,0,0,0,0,0,0,0,0,0,0,0,0,0,0,0,0,0,0,0,0,0,0,0,0,0,0,0,0,0,0,0,0,0,0,0,0,0,0,0,0,0,0,0,0,0,0,0,0,0,0,0,0,0,0,0,0,0,0,0,0,0,0
TCGA-06-0184,88,0,2126,0,0,2,0,0,0,0,2,2,0,1,0,0,0,0,0,0,0,-1,0,0,0,0,0,0,0,0,0,-1,0,-1,-1,-1,-1,-1,-1,-1,-1,-1,0,0,0,-1,0,0,0,0,0,0,0,0,0,-0.483,-0.483,1.212,1.212,0,0,0,0,-0.538,-0.538,-0.483,-0.483,0.466,-0.064,-0.544,0,0,0,0,-0.519,-0.519,0,0,0,0,0,0,0
TCGA-06-0185,89,1,2246,0,0,2,2,0,1,1,1,1,1,1,0,0,0,0,0,-2,-2,-1,0,0,1,0,0,0,0,0,0,0,0,0,0,0,0,0,-1,-1,-1,-1,1,-1,1,-1,0,0,0,0,0,0,0,0,0,0,-0.787,1.046,1.046,0,0,-0.212,0.346,-1.01,-1.01,0,0,0,0,0,0,0,0,0,0,0,0,0,0.84,0.93,0.93,0,-0.959
TCGA-06-0187,90,0,828,0,0,2,0,0,1,1,1,1,1,1,0,0,0,0,0,-2,-2,-1,0,0,0,0,0,0,0,0,0,1,1,0,0,0,-1,-1,-1,-1,-1,-1,0,-1,0,-1,0,0,0,0,0,0,0,0,0,0,-0.911,0,1.101,0,0,0,0,-0.999,-0.999,0,0,0.874,0,0,0,0,0,0,-0.263,-0.263,0,0,0,0,0,0,0
TCGA-06-0188,91,0,1356,0,0,1,1,1,1,1,1,1,1,1,1,1,-1,-1,-1,-2,-2,-1,-1,-1,-1,-1,-1,-1,-1,-1,-1,1,-2,-1,-1,0,0,0,0,0,0,0,1,-1,0,-1,0.359,-0.133,-0.133,0.629,0.629,0,0,-0.182,-0.182,0,0,0.822,0.822,0.13,0.13,-0.594,-0.123,-0.636,-0.636,0.128,-0.147,0.111,0.111,-0.879,-0.803,-0.118,0.191,0.191,0.289,0.577,0.358,0.358,0,-0.14,-0.14,0.108,-0.754
TCGA-06-0189,92,0,469,0,0,2,0,0,1,1,1,1,1,1,0,0,0,0,0,0,0,-1,0,0,0,0,0,0,0,0,0,0,0,0,0,0,0,0,0,0,0,0,1,0,0,-1,0,0,0,0,0,0,0,0,0,0,0,0.198,0.198,0,0,0,0,-0.189,-0.189,0,0,0,0,0,0,0,0,0,-0.131,-0.131,0,0,0,0.198,0.198,0.176,-0.16
TCGA-06-0190,93,0,317,0,0,1,0,0,1,1,1,1,1,1,0,0,0,0,0,-2,-2,-1,0,0,0,0,0,0,0,0,0,0,0,-1,-1,0,0,0,0,0,0,0,1,0,1,-1,0,0,0,0,0,0,0,0,0,0,0,0.565,0.565,0,0,0,0,-0.576,-0.576,0,-0.377,-0.254,-0.254,0,0,0,0,0,-0.241,-0.241,0,0,0.493,0,0,0,0
TCGA-06-0192,94,0,1185,0,0,1,1,1,1,1,1,1,1,1,1,1,-1,-1,-1,-2,-2,-1,0,-1,-1,-1,0,-1,-1,0,0,-1,1,-1,-1,0,0,0,-1,1,-1,1,1,0,1,-1,0.127,0.122,0.122,0.122,0.122,1.688,1.525,0,0,-0.226,-0.226,0.463,0.463,0.109,0.109,0,0,-0.485,-0.485,-0.142,-0.142,0.121,0.121,-0.297,0,-0.208,0,0,0,0,0,0,0.505,0.542,0.542,0,0
TCGA-06-0195,95,0,225,0,0,1,1,-1,1,1,1,1,1,1,1,1,0,0,0,1,1,-1,1,1,1,1,1,1,1,1,1,-1,1,-1,-1,0,0,0,0,0,0,0,1,1,0,-1,0.577,0,0,0,0,0.275,0.275,0.548,0.548,0,0,1.025,1.025,-0.405,-0.405,0.52,0.52,-0.552,-0.552,0,-0.54,-0.993,0,-0.55,0.149,0,0,0,0.497,0.497,0,0,0,0.427,0.427,0,0
TCGA-06-0197,96,0,169,0,0,1,0,0,1,1,1,1,1,1,0,0,0,0,0,0,0,-1,0,0,0,0,0,0,0,0,0,0,0,-1,-1,0,0,0,0,0,0,0,1,0,0,-1,0,0,0,0,0,0,0,0,0,0,0,0.873,0.873,0,0,0,0,-0.6,-0.6,-0.157,-0.157,-0.518,-0.518,-0.621,0,0,0.109,0.109,-0.222,-0.222,0.109,0.109,0,0.102,0.102,0.131,-0.611
TCGA-06-0201,97,0,12,0,0,1,0,0,1,1,1,1,1,1,0,0,0,0,0,-2,-2,-1,0,0,0,0,0,0,0,0,0,0,0,-1,-1,0,0,0,-1,0,-1,0,1,0,1,-1,0,0,0,0,0,0,0,0,0,0,0,0.573,0.573,0,0,0,0,-0.549,-0.549,0,0,0,0,0,0,0,0,0,0,0,0,0,0.486,0,0,0,0
TCGA-06-0206,98,0,233,0,0,1,1,0,1,1,1,1,1,1,1,1,0,0,0,0,0,-1,0,0,0,0,0,0,0,0,0,1,1,-1,-1,0,0,0,0,0,0,0,1,0,1,-1,0.282,0,0,0,0,0,0,0,0,0,0,1.427,1.427,0,0,0,0,-0.615,-0.615,0,0,0,0,-0.619,0,0,0,0,0,0,-0.135,-0.135,0.198,0.554,0.554,0,0
TCGA-06-0208,99,0,256,0,0,2,0,0,1,1,1,1,1,1,0,0,0,0,0,-2,-2,-1,0,0,0,0,0,0,0,0,0,-1,0,0,0,0,0,0,0,0,0,0,1,-1,1,-1,0,0,0,0,0,0,0,0,0,0,0,0.848,0.848,0,0,-0.768,0,-0.833,-0.833,0,0,0,0,0,0,0,0,0,0,0,0,0,0.71,0,0,0,0
TCGA-06-0209,100,0,232,0,0,2,1,1,1,1,1,1,1,1,1,1,-1,-1,-1,-1,-1,-1,0,0,-1,0,0,0,0,1,1,1,1,-1,-1,-1,-2,-2,-1,-1,-1,-1,1,-1,1,-1,0.411,0,0,0,0,0,0,0.552,0.552,-0.245,-0.245,0.533,0.533,0.384,0.384,-0.266,-0.266,-0.622,-0.622,0,0,0,0,-0.192,0,-0.134,0,0,0,0,0.207,0.207,0.559,0.39,0.39,-0.116,0.377
TCGA-06-0210,101,0,225,0,0,1,2,0,1,1,1,1,1,1,0,0,0,0,0,-2,-2,-1,0,0,0,0,0,0,0,0,0,0,0,0,0,0,0,0,0,0,0,0,1,-1,0,-1,0,0,0,0,0,0,0,0,0,0,0,0.527,0.527,0,0,-0.513,-0.513,-0.519,-0.519,0,0,0,0,0,0,0,0,0,0,0,0,0,0,0,0,0,0
TCGA-06-0211,102,0,360,0,0,2,0,1,1,1,1,1,1,1,0,0,0,0,0,-1,-1,-1,0,0,0,0,0,0,0,0,0,0,0,0,0,0,0,0,0,0,0,0,1,-1,1,-1,0,0,0,0.474,0.474,0,0,0,0,0,0,0.953,0.953,0.252,0.252,-1.293,0,-0.929,-0.929,0,0,0,0,0,0,0,0,0,0,0,0,0,0.84,0.883,0.883,0,0
TCGA-06-0213,103,0,16,0,0,1,0,0,1,1,1,1,1,1,0,0,-1,-1,-1,0,0,0,0,0,0,0,0,0,0,0,0,1,1,-1,-1,0,0,0,0,0,0,0,1,-1,-1,-1,0,0,0,0,0,0,0,0,0,0,0,1.273,1.273,0,0,0,0,0,0,0,0,0,0,0,0,-0.526,0,0,0,0,-0.629,-0.629,0,0,0,0,0
TCGA-06-0214,104,0,457,0,0,2,0,0,1,1,1,1,1,1,0,0,0,0,0,-2,-2,-1,-1,-1,0,0,-1,-1,-1,0,0,0,0,1,-1,0,-1,-1,-1,-1,-1,-1,1,-1,0,-2,0,0,0,0,-0.237,0,0,0,0,0,-0.708,0.7,0.7,0,0,0,0,-0.695,-0.695,0,0,0,0,-0.48,0,0,-0.263,-0.707,0,0,0,0,0,0,0,0,0
TCGA-06-0216,105,0,735,0,0,2,1,-1,1,1,1,1,1,1,1,1,1,1,1,-2,-2,-1,-1,-1,-1,-1,-1,-1,-1,0,0,1,1,0,-2,-1,-1,-1,-1,-1,-1,-1,1,1,1,-1,0.296,0.216,0.216,-0.117,-0.117,-0.113,-0.113,0,0,-0.707,-0.707,0.864,0.864,-0.575,-0.575,0.198,0.198,-0.707,-0.707,-0.138,-0.138,0.202,0.202,0,-0.658,-0.437,-0.143,-0.143,0.178,0.178,0,0,0.183,0.222,0.222,0.233,-0.718
TCGA-06-0219,106,0,22,0,0,2,0,0,0,0,0,0,0,0,0,0,0,0,0,-2,-2,-1,-1,-1,-1,-1,-1,-1,-1,0,0,-1,0,-1,-1,0,0,0,-1,-1,-1,-1,0,-1,0,-2,0,0,0,0,0,0,0,0,0,0,0,0,0,0,0,-0.651,0,-0.664,-0.664,0,0,0,0,-0.649,-0.654,0,0,0,0,0,0,0,0,0,0,0,-0.671
TCGA-06-0221,107,0,603,0,1,-1,0,0,2,2,2,2,2,2,0,0,0,0,0,-1,-1,-1,-1,-1,-1,-1,-1,-1,-1,0,0,0,0,-1,-1,0,0,0,0,0,0,0,-1,-1,1,-1,0,0,0,-0.401,-0.401,0,0,0,0,0,0,-0.134,-0.134,0,0,-0.895,0,-0.15,-0.15,0.13,0.13,-0.214,-0.214,0,-0.251,0,-0.117,-0.117,0,0,0,0,0.627,0,0,-0.103,-0.432
TCGA-06-0237,108,0,415,0,0,2,1,0,1,1,1,1,1,1,1,1,-1,-1,-1,-1,-1,-1,0,2,0,0,0,2,2,-1,-1,1,1,0,0,1,1,1,1,1,1,1,1,-1,1,-1,0.192,0,0,0.129,0.129,0,0,0.002,-0.115,0.135,0.135,1.182,1.182,0,0,-0.487,-0.487,-0.59,-0.59,0,0,-0.362,-0.362,0,0,-0.137,0.184,0.184,0,0.153,-0.793,-0.793,0.102,0.191,0.191,0.433,-0.78
TCGA-06-0238,109,0,405,0,0,1,0,0,1,1,1,1,1,1,0,0,0,0,0,0,0,-1,0,0,0,0,0,0,0,0,0,0,0,0,0,-2,0,0,0,0,0,0,1,0,0,-1,0,0,0,0,0,0,0,0,0,0,0,0.737,0.737,0,0,0,0,-0.692,-0.692,-0.312,-0.312,0,0,0,0,0,0,0,0,0,0.143,0.143,0,0,0,0,0
TCGA-06-0241,110,0,1481,0,0,1,0,0,1,1,1,1,1,1,0,0,0,0,0,-2,-2,-1,-1,-1,-1,-1,-1,-1,-1,0,0,0,-1,0,0,0,0,0,0,0,0,0,1,0,0,-1,0,0,0,0,0,0,0,0,0,0,0,1.462,0.936,0,0,0,0,-0.946,-0.946,0,0,0,0,0,-0.946,0,0,0,0,0,0,0,0,0,0,0,-0.897
TCGA-06-0644,111,0,384,0,0,1,0,0,1,1,1,1,1,1,0,0,0,0,0,-2,-2,-1,-1,-1,-1,-1,-1,-1,-1,-1,-1,1,1,0,0,-1,-1,-1,-1,-1,-1,-1,1,1,0,-1,0,0,0,0,0,0,0,-0.126,-0.126,-0.229,-0.229,1.147,1.147,0,0,0.267,0.267,-0.574,-0.574,0,0,0,0,0,-0.567,0,0,0,-0.182,-0.182,0,0,0,0.103,0.103,0.145,0
TCGA-06-0645,112,0,175,0,0,2,1,0,1,1,1,1,1,1,1,1,-1,-1,-1,-1,-1,-1,0,0,0,0,0,0,0,1,1,1,1,0,0,0,0,0,0,0,0,0,1,0,1,-2,0.131,0,0,0,0,-0.149,-0.149,0.335,0.335,0,0,0.663,0.931,0,0,0,0,-0.64,-0.64,0,0,0,0,0,0,-0.134,-0.139,-0.139,0,0,0,0,0.407,0.568,0.568,0,0
TCGA-06-0646,113,0,175,0,0,2,0,0,1,1,1,1,1,1,0,0,-1,-1,-1,-2,-2,-1,-1,-1,-1,-1,-1,-1,-1,0,0,0,-1,0,0,0,-1,-1,-1,-1,-1,-1,1,-1,0,-2,0,0,0,0,0,0,0,0,0,0,0,0.818,0.818,0,0,0,0,-0.861,-0.861,0,0,0,0,0,-0.84,-0.661,0,0,0,0,0,0,0,0,0,0,0
TCGA-06-0648,114,0,298,0,0,1,0,0,1,1,1,1,1,1,0,0,-1,-1,-1,-1,-1,-1,0,0,0,0,0,0,0,0,0,0,0,-1,-1,0,0,0,0,0,0,0,1,0,0,-1,0,0,0,0.852,0.852,0,0,0,0,0,0,0.871,0.871,0,0,0,0,-1.293,-1.293,0,0,0,0,-0.134,0,-0.587,0,0,0,0,-0.287,-0.287,0,0,0,-0.118,0
TCGA-06-0649,115,0,64,0,0,1,0,0,1,1,1,1,1,1,0,0,-1,-1,-1,-2,-2,-1,-1,-1,-1,-1,-1,-1,-1,-1,-1,1,-1,-1,-1,-1,-1,-1,-1,-1,-1,-1,1,-1,0,-1,0.24,0.23,0.13,0.271,0.271,0,0,0.189,0.189,-0.23,-0.23,0.625,0.625,0,0,-0.543,0,-0.545,-0.545,-0.109,-0.109,0.119,0,-0.179,-0.551,-0.471,0,0,0,0,-0.137,-0.137,0,0,0,0,0
TCGA-06-0686,116,0,432,0,0,2,0,1,1,1,1,1,1,1,0,0,0,0,0,0,0,-1,0,0,0,0,0,0,0,-1,-1,0,0,0,0,0,0,0,0,0,0,0,1,0,0,-2,0,0,0,0.379,0.379,0,0,-0.165,-0.165,0,0,1.217,1.217,0.223,0.223,0,0,-0.463,-0.463,-0.267,-0.267,-0.87,-0.87,0,0,0,-0.197,-0.197,0.109,0.109,0.128,0.128,0,-0.29,-0.29,0,0
TCGA-06-0743,117,0,803,0,0,2,0,-1,1,1,1,1,1,1,0,0,0,0,0,-2,-2,-1,0,0,0,0,0,0,0,0,0,-1,-1,0,0,0,0,0,0,0,0,0,1,0,1,-2,0,0,0,0.106,0.106,0,0,0,0,0,0,0.698,0.698,-0.102,-0.102,-0.108,-0.108,-0.775,-0.775,0.194,0,0.196,0.196,0,0,0,-0.205,-0.205,0.214,0.214,0,0,0.486,0.694,0.694,0.107,0
TCGA-06-0744,118,0,1426,0,0,2,0,0,1,1,1,1,1,1,0,0,0,0,0,-1,-1,-1,0,0,0,0,0,0,0,-1,-1,0,0,0,0,0,0,0,0,0,0,0,1,-1,1,-1,0,0,0,0,0,-0.125,-0.125,0,0,0,0,0.861,0.861,0,0,-1.293,0,-0.914,-0.914,0,0,0,0,0,0,0,-0.13,-0.13,0.192,0.487,0,0,0.709,0,0,0,-0.077
TCGA-06-0745,119,0,239,0,0,2,0,0,1,1,1,1,1,1,0,0,0,0,0,-2,-2,-1,-1,-1,-1,-1,-1,-1,-1,0,0,-1,0,-1,-1,0,0,0,0,0,0,0,1,-1,0,-1,0,0,0,0,0,0,0,0,0,0,0,0.721,0.721,0,0,-0.76,-0.232,-0.773,-0.773,0,0,0,0,-0.106,-0.761,0,0,0,0,0,0,0,0,0.727,0.727,0,-0.244
TCGA-06-0747,120,0,82,0,0,2,0,0,1,1,1,1,1,1,0,0,0,0,0,-2,-2,-1,1,1,1,1,1,1,1,0,0,-1,0,0,0,0,0,0,0,0,0,0,0,-1,1,-1,0,0,0,0,0,0,0,0,0,0,0,0,0.785,0,0,-0.843,0,-0.85,-0.85,0,0,0,0,0,0,0,0,0,0,0,0,0,0.745,0.789,0.789,0,-0.869
TCGA-06-0749,121,0,82,0,0,1,0,0,1,1,1,1,1,1,0,0,0,0,0,-2,-2,-1,0,0,0,0,0,0,0,0,0,0,-2,0,0,0,0,0,0,0,0,0,1,0,0,-1,0,0,0,0,0,0,0,0,0,0,0,0.571,0.571,0,0,0,0,-0.584,-0.584,0,0,0,0,0,-0.578,0,0,-0.563,0,0,0,-0.554,0,0,0,0,0
TCGA-06-0750,122,0,28,0,0,2,2,0,1,1,1,1,1,1,0,0,0,0,0,-2,-2,-1,-1,-1,-1,-1,-1,-1,-1,0,0,0,-1,0,0,0,-1,-1,-1,-1,-1,-1,1,-1,0,-1,0,0,0,0,0,0,0,0,0,0,-0.71,0.656,0.656,0,0,-0.7,0,-0.713,-0.713,0,0,0,0,0,-0.709,0,0,0,0,0,0,0,0,0,0,0,0
TCGA-06-0875,123,1,1322,0,0,1,0,0,1,1,1,1,1,1,0,0,-1,-1,-1,-1,-1,-1,-1,-1,-1,-1,-1,-1,-1,0,0,0,0,-1,-1,0,0,0,0,0,0,0,1,-1,-1,-1,0,0,0,0,0,0,0,0,0,0,0,1.42,1.42,0,0,-0.103,0,-0.801,-0.801,0,0,0,0,-0.416,-0.393,-0.786,0,0,0,0,0,0,-0.322,0,0,-0.367,-0.775
TCGA-06-0876,124,1,1405,0,0,2,0,0,1,1,1,1,1,1,0,0,0,0,0,-2,-2,-1,-1,-1,-1,-1,-1,-1,-1,0,0,0,0,0,0,0,0,0,-2,0,-2,0,1,-1,0,-1,0,0,0,0,0,0,0,0,0,0,0,0.493,1.103,0,0,-0.606,-0.504,-0.486,-0.486,-0.106,-0.106,0,0,0,-0.124,0,0,0,0,0,-0.583,0.14,0,0,0,0,0
TCGA-06-0878,125,1,218,0,0,2,0,0,1,1,1,1,1,1,0,0,0,0,0,-2,-2,-1,-1,-1,-1,-1,-1,-1,-1,0,0,-1,0,0,0,0,0,0,0,0,0,0,1,-1,0,-1,0,0,0,-0.713,0,0,0,0,0,0,0,0.645,0.645,0,0,-0.711,-0.711,-0.705,-0.705,0,0,0,0,0,-0.709,0,0,0,0,0,0,0,0,0,0,0,-0.675
TCGA-06-0879,126,0,1229,0,0,1,0,0,1,1,1,1,1,1,0,0,0,0,0,-2,-2,-1,0,0,0,0,0,0,0,0,0,-1,0,0,0,0,0,0,0,0,0,0,1,-1,1,-1,0,0,0,0,0,0.643,0.643,0,0,0,0,0.677,0.677,0,0,-0.614,0,-0.739,-0.739,0,0,0,0,0,0,0,-0.116,-0.116,0,0,0,0,0.587,0,0.61,0,0
TCGA-06-0882,127,0,632,0,0,1,0,0,1,1,1,1,1,1,0,0,0,0,0,-2,-2,-1,0,0,0,0,0,0,0,0,0,0,0,0,0,0,-1,0,0,0,0,0,1,-1,0,-1,0,0,0,0,0,0,0,0,0,0,0,0.505,0.505,0,0,-0.423,0,-0.524,-0.524,0,0,0,0,0,0,0,0,-0.114,0,0,0,0,0,0.501,0.501,0,-0.514
TCGA-06-1084,128,0,728,0,0,1,1,0,1,1,1,1,1,1,1,1,0,0,0,-1,-1,-1,-1,-1,-1,-1,-1,-1,-1,0,0,-1,1,-1,-2,0,0,0,0,0,0,0,1,-1,0,-1,0.491,0,0,0,0,0,0,0,0,0,0,0.481,0.481,0,0,-0.498,0,-0.498,-0.498,0,0,0,0,0,-0.499,0,0,0,0,0,0,0,0,0,0,0.493,-0.471
TCGA-06-1086,129,0,208,NA,NA,1,0,0,1,1,1,1,1,1,0,0,0,0,0,-2,-2,0,0,0,0,0,0,0,0,0,0,0,0,0,0,0,0,0,0,0,0,0,1,-1,1,0,0,0.527,0.527,0,0,0,0,0,0,0,0,0.559,0.559,0,0,-0.648,-0.648,0,0,-0.648,0.325,0.529,0.529,0,0,0,0.549,0.549,0,0,-0.618,-0.618,0.864,0,0,1.666,0.48
TCGA-06-1087,130,0,123,0,0,2,1,-1,1,1,1,1,1,1,1,1,1,1,1,-1,-1,-1,1,1,1,1,1,1,1,-1,-1,-1,1,-1,-1,-1,-1,-1,0,0,0,0,0,1,0,-1,0.343,-0.113,-0.113,0.467,0.467,-0.653,-0.653,-0.141,-0.141,0,0,0.428,0.428,0,0,0.335,0.335,-1.293,-1.293,0.384,0.421,0.407,0.407,-0.699,0.388,0.289,-0.232,-0.232,0.256,0.256,0.804,0.804,0.138,0.539,0.539,0.297,0.202
TCGA-06-1800,131,0,815,0,0,1,0,0,1,1,1,1,1,1,0,0,0,0,0,-1,-1,-1,0,0,0,0,0,0,0,0,0,0,0,-1,-1,0,0,0,0,0,0,0,1,0,0,-1,0,0,0,0,0,-0.478,-0.478,0,0,0,0,0.783,0.783,0,0,-0.741,0,-0.802,-0.802,-0.426,-0.426,0,0,0,0,0,0,0,0,0,-0.116,-0.116,0,0,0,0,0
TCGA-06-1801,132,0,360,0,0,1,0,0,1,1,1,1,1,1,0,0,0,0,0,-2,-2,-1,0,0,0,0,0,0,0,0,0,-1,0,-1,-1,0,0,0,0,0,0,0,1,0,0,-1,0,0,0,0,0,0,0,0,0,0,0,0.715,0.715,0,0,0,0,-0.759,-0.759,0,0,0,0,0,0,-0.744,0,0,0.109,0.109,0,0,0,0,0,0,0
TCGA-06-1805,133,1,1031,0,1,0,0,0,0,0,0,0,0,0,0,0,0,0,0,0,0,-1,0,0,0,0,0,0,0,0,0,0,0,-1,-1,0,0,0,0,0,0,0,0,0,0,-1,0,0,0,0,0,0,-0.11,0,0,0,0,0,0,0,0,0,0,0,-0.647,-0.664,0,0,0,-0.675,0,0,0,0,0,0,0.593,0.593,0,0,0,0,0
TCGA-06-5408,134,0,357,0,0,2,0,-1,1,1,1,1,1,1,0,0,0,0,0,-2,-2,-1,-1,0,0,0,-1,0,0,0,0,0,0,-1,-1,0,-1,-1,-1,-1,-1,-1,1,-1,0,-1,0,0,0,0,0,0,0,0,0,0,-0.736,0.759,0.759,-0.297,-0.297,0.174,0.174,-0.839,-0.839,0,0,0,0,-0.114,0,0,0,0,-0.116,-0.116,-0.576,0.163,0,0,0,0,-0.834
TCGA-06-5410,135,0,108,0,0,1,0,0,1,1,1,1,1,1,0,0,0,0,0,-1,-1,-1,0,0,0,0,0,0,0,0,0,0,0,0,0,-1,-1,-1,-1,-1,-1,-1,1,-1,0,-1,0,0,0,0,0,0,0,0,0,-0.165,-0.165,0.164,0.164,0,0,0,0,-0.162,-0.162,0,0,0,0,0,0,0,0,0,0,0,0,0,0,0,0,0,0
TCGA-06-5411,136,0,254,0,0,1,2,-1,1,1,1,1,1,1,2,-1,0,0,0,-2,-2,-1,-1,-1,-1,-1,-1,-1,-1,0,0,-1,-2,0,0,0,0,0,0,0,0,0,1,0,-1,-1,-0.19,0,0,0,0,0,0,0,0,0,0,0.648,0.648,-0.188,-0.188,0,0,-0.598,-0.598,0,0,0,0,0,-0.598,0,0,0,0,0,0,0,-0.136,0,0,0,-0.561
TCGA-06-5412,137,0,138,0,0,1,0,0,1,1,1,1,1,1,0,0,0,0,0,-1,-1,-1,0,0,0,0,0,0,0,0,0,0,0,-1,-1,0,0,0,0,0,0,0,1,-1,0,-1,0,0,0,0,0,0,0,0,0,0,0,0.274,0.274,0,0,-0.237,-0.237,-0.269,-0.269,0,0,0,0,-0.277,0,0,0,0,0,0,0,0,0,0,0,0,0
TCGA-06-5413,138,1,268,0,0,2,0,-1,1,1,1,1,1,1,0,0,0,0,0,-2,-2,-1,0,0,0,0,0,0,0,0,0,0,0,0,0,0,-1,-1,-1,-1,-1,-1,1,0,0,-1,0,0,0,0,0,0,0,0,0,0,-0.712,0.686,0.686,-0.147,-0.147,0,0,-0.705,-0.705,0,0,0,0,0,0,0,0,0,0,0,0,0,0,0,0,0,-0.685
TCGA-06-5414,139,1,273,0,0,2,0,0,1,1,1,1,1,1,0,0,0,0,0,-2,-2,-1,0,0,0,0,0,0,0,0,0,-1,0,-1,-1,0,0,0,0,0,0,0,1,-1,1,-1,0,0,0,0,0,0,0,0,0,0,0,0.668,0.668,0,0,0,0,-0.693,-0.693,0,0,0,0,-0.385,0,0,0,0,0,0,0,0,0.53,0.605,0.605,0,0
TCGA-06-5415,140,1,260,0,0,2,0,0,1,1,1,1,1,1,0,0,0,0,0,-2,-2,-1,0,0,0,0,0,0,0,0,0,0,0,0,0,0,-1,-1,-1,-1,-1,-1,1,-1,1,-1,0,0,0,0,0,0,0,0,0,0,0,0.745,0.745,0,0,-0.729,0,-0.574,-0.776,0,0,0.618,0.618,0,0,0,0,0,0,0,0,0,0.503,0.684,0.684,0.176,0
TCGA-06-5416,141,1,204,NA,NA,0,0,0,0,0,0,0,0,0,0,0,-1,-1,-1,1,1,0,-1,-1,-1,-1,-1,-1,-1,1,1,0,0,-1,-1,-1,-1,-1,-1,-1,-1,-1,0,1,1,0,0,-0.349,-0.349,-0.374,0.182,-0.22,-0.22,0,0.248,-0.42,-0.42,0,0,0,0,0.341,0,0,0,0,0,0,0,-0.389,-0.411,-0.833,0,0,0,0,0,0,0.23,0,0,0,0
TCGA-06-5417,142,1,155,NA,NA,,,,,,,,,,,,,,,,,,,,,,,,,,,,,,,,,,,,,,,,,,,,,,,,,,,,,,,,,,,,,,,,,,,,,,,,,,,,,,
TCGA-06-5418,143,0,83,0,0,1,0,0,1,1,1,1,1,1,0,0,0,0,0,-2,-2,-1,0,0,0,0,0,0,0,0,0,0,0,0,0,0,0,0,0,-1,0,-1,1,-1,0,-1,0,0,0,0,0,0,0,0,0,0,0,1.43,1.43,0,0,-0.781,-0.781,-0.789,-0.789,0,0,0,0,0,0,0,0,-0.766,0,0,0,0,0,0,0,0,-0.763
TCGA-06-5856,144,0,114,0,0,2,1,1,1,1,1,1,1,1,1,1,-1,-1,-1,-1,-1,-1,-1,-1,-1,-1,-1,-1,-1,1,1,1,1,-1,-1,-1,-1,-1,-1,-1,-1,-1,1,-1,2,-1,0.181,-0.382,-0.382,0,0,0.134,0.134,0.263,0.263,-0.729,-0.729,0.472,0.472,0.104,0.104,-0.162,0,-0.792,-0.792,-0.523,-0.523,-0.089,-0.757,-0.68,-0.767,-0.334,0,0,0,0,0,0,0,0.18,0.18,0,-0.611
TCGA-06-5858,145,1,187,0,0,1,0,0,1,1,1,1,1,1,0,0,0,0,0,0,0,0,0,0,0,0,0,0,0,0,0,0,0,0,0,0,0,0,0,0,0,0,1,0,0,0,0,0,0,0,0,0,0,0,0,0,0,1.263,1.263,0,0,0,0,0,0,0,0,0,0,0,0,0,0,0,0,0,1.16,1.16,0,0,0,0,0
TCGA-06-5859,146,1,139,0,0,1,0,0,1,1,1,1,1,1,0,0,0,0,0,-2,-2,-1,-1,-1,-1,-1,-1,-1,-1,1,1,-1,0,-1,-1,0,-1,-1,-1,0,-1,0,1,-1,0,-1,0,0,0,-0.8,-0.8,0,0,0,0,0,0,0.781,0.781,0,0,-0.798,-0.691,-0.832,-0.832,0,0,0,0,-0.797,-0.808,0,-0.709,-0.818,0,0,-0.767,-0.767,0,0,0,0,0
TCGA-06-6388,147,0,159,0,0,1,0,0,1,1,1,1,1,1,0,0,0,0,0,-2,-2,-1,0,0,0,0,0,0,0,0,0,0,0,0,0,0,0,0,0,0,0,0,1,0,1,-1,0,0,0,0,0,0,0,0,0,0,0,0.642,0.642,0,0,0,0,-0.716,-0.716,0,0,0,0,0,0,0,0,0,0,0,0,0,0.415,0.605,0.605,0,0
TCGA-06-6390,148,0,164,0,0,1,0,0,1,1,1,1,1,1,-1,-1,0,0,0,0,0,-1,-1,-1,-1,-1,-1,-1,-1,0,0,0,0,0,0,-1,-1,-1,-1,-1,-1,-1,1,0,0,-1,0,0,0,-0.276,-0.276,0,0,0,0,-0.625,-0.625,0.634,0.634,0,0,0,0,-0.636,-0.636,0,0,-0.168,-0.168,0,-0.631,0,0,0,0,0,0,0,0,0.628,0.628,0,-0.648
TCGA-06-6391,149,0,45,0,0,2,0,0,1,1,2,0,1,1,0,0,0,0,0,-2,-2,0,0,0,0,0,0,0,0,0,0,0,0,0,0,0,0,0,0,0,0,0,1,1,0,0,0,0.345,0,0,0,0,0,0,0,0,0,0.714,0.714,0,0,0,0,0,0,0,0,0,0.263,0,0,0,0,0,0,0,0,0,0,0,0,0,0
TCGA-08-0244,150,0,690,0,0,2,1,0,1,1,1,1,1,1,0,0,0,0,0,-1,-1,-1,1,1,1,1,0,1,1,0,0,-1,-1,0,0,0,0,0,0,0,0,0,1,0,0,-1,-1.293,0,0,0,0,0,0,0,0,0,0,0.712,0.712,0,0,0,0,-0.779,-0.779,0,0,0,0,0,0,0,0,0,0,0,0,0,0,0,0,0,-0.787
TCGA-08-0245,151,0,1151,0,0,1,0,0,0,0,0,0,0,0,0,0,0,0,0,0,0,-1,-1,-1,-1,-1,-1,-1,-1,0,0,0,0,-1,-1,0,0,0,0,0,0,0,1,0,0,-1,0,0,0,0,0,0.681,0.681,-0.846,0,0,0,0.586,0,0,0,0,0,-0.835,-0.835,-0.833,-0.833,0,0,-0.839,-0.845,0,1.027,1.027,-0.704,0,-0.846,-0.846,0,-0.826,-0.826,0,-0.808
TCGA-08-0246,152,0,127,0,0,2,0,-1,0,0,0,0,0,0,0,0,-1,-1,-1,-2,-2,-1,1,1,1,1,1,1,1,0,0,0,0,-1,-1,-1,-1,-1,-1,-1,-1,-1,0,-1,1,-1,0,0,0,-0.37,-0.37,0.462,0.462,0,0,-0.447,-0.447,0,0,-0.448,-0.448,-0.439,-0.439,-0.49,-0.49,0,0,0.483,0.483,-0.477,0.199,-0.489,0,0,0,0,0,0,0.289,0.501,0.501,0.136,-0.445
TCGA-08-0344,153,0,3524,1,1,0,0,0,0,0,0,0,0,0,0,0,-1,-1,-1,0,0,0,0,0,0,0,0,0,0,-1,-1,-2,-1,0,0,0,0,0,0,0,0,0,0,0,0,0,0,0,0,0,0,0,0,-0.164,-0.164,0,0,0,0,0,0,0,0,0,0,0,0,0,0,0,0,-0.152,0,0,0,0,0,0,-0.833,0,0,0,0
TCGA-08-0345,154,0,53,0,0,1,0,0,1,1,2,1,1,1,0,0,0,0,0,-2,-2,-1,0,0,0,0,0,0,0,0,0,-1,0,0,0,0,0,0,0,0,0,0,1,0,0,-1,0,0,0,0.547,0.547,0,0,0,0,0,0,0.563,0.563,0,0,0,0,-0.618,-0.618,0,0,0,0,0,0,0,0,0,0,0,0,0,0,0,0,0,0
TCGA-08-0346,155,0,256,0,0,1,0,0,1,1,1,1,1,1,0,0,0,0,0,-2,-2,-1,0,0,0,0,0,0,0,0,0,0,0,0,0,0,0,0,0,0,0,0,1,0,0,-1,0,0.335,0.335,0.51,0.51,0,0,0,0,0,0,0.519,0.519,0,0,0,0,-0.537,-0.537,0,0,0,0,0,0,0,0,0,0,0,0,0,0,0,0,0,0
TCGA-08-0347,156,0,782,0,0,1,0,0,1,1,1,1,1,1,0,0,0,0,0,-2,-2,-1,0,0,0,0,0,0,0,0,0,0,0,-1,-1,0,0,0,0,0,0,0,1,0,1,-2,0,0,0,0,0,0,0,0,0,0,0,0.599,0.599,0,0,0,0,-0.639,-0.639,0,0,0,0,-0.635,0,0,0,0,0,0,0,0,0.11,0,0,0,0
TCGA-08-0348,157,0,370,0,0,1,0,0,1,1,1,1,1,1,0,0,-1,-1,-1,-1,-1,-1,0,0,0,0,0,0,0,0,0,0,0,-1,-1,0,0,0,0,0,0,0,1,0,0,-1,0,0,0,0,0,0,0,0,0,0,0,0.689,0.689,0,0,-1.293,0,-0.715,-0.715,0,0,0,0,0,0,-0.701,0,0,0,0,0,0,0,0,0,0,0
TCGA-08-0349,158,0,298,0,0,2,1,0,1,1,1,1,1,1,1,1,0,0,0,0,0,-1,0,0,0,0,0,0,0,0,0,1,1,-1,-1,0,0,0,0,0,0,0,1,0,-1,-1,0.314,0,0,0,0,0,0,0,0,0,0,0.761,0.761,0,0,0,0,-0.778,-0.778,0,0,-0.147,-0.147,-0.776,0,0,0,0,0,0,0,0,-0.681,0,0,0,-0.716
TCGA-08-0350,159,0,889,0,0,0,1,1,0,0,0,0,0,0,1,1,0,0,0,0,0,0,0,0,0,0,0,0,0,-1,-1,1,1,-2,-2,0,0,0,0,0,0,0,0,0,0,0,0.62,0,0,0,0,0,0,0.552,-0.115,0,0,0,0,0.509,0.509,0,0,1.305,0,0,0,0,0,0,0,0,0,0,0,0,-0.123,0,0,0,0,0,-0.66
TCGA-08-0351,160,0,1987,0,0,0,0,1,0,0,0,0,0,0,0,0,0,0,0,0,0,0,0,0,0,0,0,0,0,0,0,0,0,0,0,0,0,0,0,0,0,0,0,0,0,0,0,0,0,0,0,-0.669,0,0,0,0,0,0,0,0.275,0.275,0,0,0.508,0,0,0,0,0,0,0,0,0,0,0,0,0,0,0,0,0,0,0
TCGA-08-0352,161,0,39,0,0,2,0,0,1,1,1,1,1,1,0,0,0,0,0,-1,-1,-1,0,0,0,0,0,0,0,0,0,0,0,0,0,0,0,0,0,0,0,0,1,0,1,-1,0,0,0,0,0,0,0,0,0,0,0,1.103,1.103,0,0,0,0,-0.612,-0.612,0,0,0,0,0,0,0,0,0,0,0,0,0,0.512,0.549,0.549,0,0
TCGA-08-0353,162,0,256,0,0,2,1,-1,0,0,0,0,0,0,0,0,0,0,0,-2,-2,-1,0,0,0,0,0,0,0,0,0,0,0,-1,0,-1,-1,-1,-1,0,-1,0,1,0,1,-1,0,0,0,0,0,0,0,0,0,-0.726,-0.726,0.756,0.756,0,0,-0.689,0,-0.623,-0.623,0,0,0,0,0,0,0,-0.158,-0.158,-0.611,-0.494,0.129,0.129,0.349,0,0,0,0
TCGA-08-0354,163,0,546,0,0,2,0,0,1,1,1,1,1,1,0,0,0,0,0,-2,-2,-1,0,0,0,0,0,0,0,0,0,0,0,-1,-1,0,0,0,0,0,0,0,1,-1,0,-1,0,0,0,0,0,0,0,0,0,0,0,1.321,1.321,0,0,0,0,-0.713,-0.713,0,0,0,0,-0.713,0,0,0,0,0,0,0,0,0,0,0,0,-0.619
TCGA-08-0355,164,0,747,0,0,2,0,0,0,0,0,0,0,0,0,0,0,0,0,-2,-2,-1,0,0,0,0,0,0,0,0,0,0,0,0,0,0,-1,-1,-1,0,-1,0,1,-1,1,-1,0,0,0,0,0,0,0,0,0,0,0,0.558,0,0,0,-0.301,-0.301,-0.76,-0.76,0,0,0,0,0,0,0,0,0,0,0,0,0,0.376,0.682,0.682,0,0
TCGA-08-0356,165,0,946,0,0,2,0,0,1,1,1,1,1,1,0,0,0,0,0,-1,-1,-1,0,0,0,0,0,0,0,0,0,0,0,0,0,0,-1,-1,0,0,0,0,1,0,1,-1,0,0,0,0,0,0,0,0,0,0,0,0.595,0.595,0,0,0,0,-0.603,-0.603,0,0,0,0,0,0,0,0,0,0,0,0,0,0.415,0.511,0.511,0,0
TCGA-08-0357,166,0,1143,0,0,2,2,0,1,1,1,1,1,1,0,0,0,0,0,-2,-2,-1,0,0,0,0,0,0,0,0,0,0,0,-1,-1,0,0,0,0,0,0,0,1,0,1,-1,0,0,0,0,0,0,0,0,0,0,0,0.584,0.584,0,0,0,0,-0.696,-0.696,0,0,0,0,0,0,0,0,0,0,0,0,0,0.17,0.617,0.617,0,0
TCGA-08-0358,167,0,678,0,0,2,0,0,2,2,2,2,2,2,0,0,0,0,0,-2,-2,-1,0,0,0,0,0,0,0,0,0,0,0,0,0,0,-1,-1,-1,-1,-1,-1,1,-1,-1,-1,0,0,0,0,0,0,0,0,0,0,-0.912,0.943,0.943,0,0,-0.974,-0.974,-0.951,-0.951,0,0,0,0,0,0,0,0,0,0,0,0,0,-0.104,0,0,0,0
TCGA-08-0359,168,0,103,0,0,1,0,-1,1,1,1,1,1,1,0,0,-1,-1,-1,-2,-2,-1,0,0,0,0,0,0,0,0,0,0,0,-1,-1,0,0,0,0,0,0,0,1,0,0,-1,0,0,0,0,0,0,0,0,0,0,0,0.677,0.677,0,0,0,0,-0.693,-0.693,0,0,0,0,-0.619,0,-0.663,0,0,0,0,0,-0.628,0,0,0,0,0
TCGA-08-0375,169,0,372,0,0,2,0,0,1,1,1,1,1,1,0,0,0,0,0,-2,-2,-1,0,0,0,0,0,0,0,0,0,0,0,0,0,0,-1,-1,-1,-1,-1,-1,1,-1,1,-1,0,0,0,0,0,0,0,0,0,0,0,0.748,0.748,0,0,-0.644,0,-0.78,-0.78,0,0,0,0,0,0,0,0,0,0,0,0,0,0.424,0.683,0.683,0,0
TCGA-08-0380,170,0,454,0,0,1,0,-1,1,1,1,1,1,1,0,0,0,0,0,0,0,-1,-1,-1,-1,-1,-1,-1,-1,0,0,0,0,0,0,0,-1,-1,-1,-1,-1,-1,1,0,-1,-1,0,0,0,0,0,0,0,0,0,0,-0.278,0.65,0.65,0,0,0,0,-0.337,-0.337,0,0,0,0,0,-0.358,0,0,0,0,0,0,0,0,0,0,0,0
TCGA-08-0385,171,0,82,NA,NA,,,,,,,,,,,,,,,,,,,,,,,,,,,,,,,,,,,,,,,,,,,,,,,,,,,,,,,,,,,,,,,,,,,,,,,,,,,,,,
TCGA-08-0386,172,0,548,0,0,2,1,0,1,1,1,1,1,1,1,1,-1,-1,-1,1,1,-1,1,1,-1,-1,1,-1,1,-1,-1,-1,1,1,-1,1,1,1,1,1,1,1,1,1,1,-1,0.376,0.188,0.188,-0.132,-0.132,-0.187,-0.187,-0.195,-0.195,0.331,0.331,1.169,1.169,0,0,0.457,0.457,-1.293,-1.293,0.217,0.217,-0.78,-0.188,0.477,0.252,-0.29,0.237,0.237,-0.173,-0.173,0,0,0.354,0.236,0.236,0.743,-0.786
TCGA-08-0389,173,0,467,0,0,1,0,0,1,1,1,1,1,1,0,0,0,0,0,0,0,-1,0,0,0,0,0,0,0,0,0,-1,0,-1,-1,-1,0,0,0,0,0,0,1,0,0,-1,0,0,0,0,0,0,0,0,0,0,0,0.801,0.801,0,0,0,0,-0.824,-0.824,0,0,0,0,-0.816,0,0,0,0,0,0,0,0,0,0,0,0,-0.686
TCGA-08-0390,174,0,425,0,0,2,0,0,1,1,1,1,1,1,0,0,0,0,0,-2,-2,-1,-1,-1,-1,-1,-1,-1,-1,0,0,-1,-1,-1,0,0,0,0,0,0,0,0,1,-1,1,-1,0,0,0,-0.119,-0.119,0,0,0,0,0,0,0.45,0.45,0,0,-0.391,0,-0.45,-0.45,0,0,0,0,0,-0.151,0,0,0,-0.119,0,0,0,0.13,0,0,0,0
TCGA-08-0392,175,0,22,0,0,1,-1,-1,1,1,1,1,1,1,-1,-1,1,1,1,-2,-2,-1,-1,-1,-1,-1,-1,-1,-1,0,0,0,-1,-1,-1,-1,-1,-1,-1,-1,-1,-1,1,-1,1,-1,-0.137,0,0,0,0,0,0,0,0,-0.229,-0.229,0.408,0.408,-0.144,-0.144,0,0,-0.697,-0.697,0,0,0,0,-0.152,-0.691,0.125,-0.193,-0.193,0,0,0,0,0,0,0,0,-0.56
TCGA-08-0509,176,0,382,NA,NA,1,0,0,1,1,1,1,1,1,0,0,0,0,0,-2,-2,-1,0,0,0,0,0,0,0,0,0,0,0,-1,-1,0,0,0,0,0,0,0,1,0,1,-1,0,0,0,0,0,0,0,0,0,0,0,0.489,0.489,0,0,0,0,-0.483,-0.483,0,0,0,0,0,0,0,-0.395,-0.395,0,0,0,0,0.376,0,0,0,0
TCGA-08-0510,177,0,130,NA,NA,1,-1,-1,1,1,1,1,1,1,-1,-1,-1,-1,-1,-2,-2,-1,1,1,1,1,1,1,1,1,1,-1,-1,-1,-1,-1,-1,-1,-1,-1,-1,-1,1,-1,1,-1,-0.13,0.275,0.275,0.3,0.3,0.337,0.337,0.306,0.306,-0.145,-0.145,1.223,1.223,-0.131,-0.131,-0.552,-0.131,-0.596,-0.596,-0.155,-0.155,-0.596,-0.128,-0.132,0.28,-0.149,0.293,0.293,0.22,0.22,-0.117,-0.117,0.581,0.315,0.315,0.307,0.381
TCGA-08-0512,178,0,1282,NA,NA,0,0,0,0,0,0,0,0,0,0,0,0,0,0,-2,-2,-1,-1,-1,-1,-1,-1,-1,-1,0,0,0,0,-1,-1,-1,-1,-1,-1,-1,-1,-1,0,0,0,-2,0,0,0,0,0,0,0,0,0,-0.483,-0.483,0,0,0,0,0,0,-0.472,-0.472,0,0,0,0,-0.47,-0.483,0,0,0,0,0,0,0,0,0,0,0,-0.452
TCGA-08-0514,179,0,337,NA,NA,2,2,0,0,0,0,0,0,0,0,0,0,0,0,-2,-2,-1,1,1,1,1,1,1,1,0,0,-1,0,-2,-1,0,0,0,0,0,0,0,0,-1,1,-1,0,0,0,0,0,0.102,0.102,0,0,0,0,0,0,0,0,-0.669,0,-0.806,-0.806,0,0,-0.364,-0.364,0,0.349,0,-0.748,0,0,0,0,0,0.661,0.682,0.682,0,0
TCGA-08-0516,180,0,596,NA,NA,-1,0,1,-1,-1,-1,-1,-1,-1,0,0,0,0,0,-1,-1,0,0,0,0,0,0,0,0,-2,-1,0,0,-1,-1,1,1,1,1,1,1,1,-1,-1,0,0,0,0,0,-0.445,-0.445,0.578,0.578,-0.454,-0.454,0.513,0.513,-0.438,-0.438,0,0.615,-0.589,-0.157,0,0,0,0,1.006,0,-0.579,0,0,0.405,0.405,0,0,0,0,0,0.373,0.373,-0.466,-0.19
TCGA-08-0517,181,0,1785,NA,NA,-1,0,0,2,2,0,2,2,2,0,0,0,0,0,-2,-2,-1,-1,-1,-1,-1,-1,-1,-1,-1,-1,-1,0,-1,-1,0,-1,-1,-1,-1,-1,-1,0,-1,0,0,0,0.726,0,0,0,0,0,-0.858,-0.858,0,-0.831,0,0,0,0,-0.814,-0.814,0.772,0,0,0,0,0,-0.846,0,0,0,0,0,0,0,0,0,0,0,0,0
TCGA-08-0518,182,0,588,NA,NA,2,0,0,1,1,1,1,1,1,0,0,0,0,0,-2,-2,-1,0,0,0,0,0,0,0,0,0,-1,0,0,0,0,0,0,0,0,0,0,1,0,1,-1,0,0,0,0,0,0,0,0.398,0.398,0,0,0.928,1.062,0,0,0,0,-0.954,-0.954,0,0,0,0,0,0,0,0,0,0,0,0,0,0.858,0.884,0.884,0,0
TCGA-08-0520,183,0,327,NA,NA,1,0,0,1,1,1,1,1,1,0,0,0,0,0,-2,-2,-1,-1,-1,-1,-1,-1,-1,-1,0,0,-1,0,-1,-2,0,0,0,0,0,0,0,1,-1,0,-1,0,0,0,0,0,0,0,0,0,0,0,0.774,0.774,0,0,0,0,-0.796,-0.796,-0.771,-0.771,0,0,-0.799,-0.804,0,0,-0.769,0,0,0,0,0,0,0,0,-0.759
TCGA-08-0521,184,0,146,NA,NA,0,0,0,2,2,0,0,0,0,0,0,0,0,0,-2,-2,-1,0,0,0,0,0,0,0,0,0,0,0,0,0,0,0,0,0,0,0,0,0,0,0,-1,0,0,0,0,0,0,0,0,0,0,0,0,0,0,0,0,0,-0.272,-0.272,0,0,0,0,0,0,0,0,0,0,0,0,0,0,0,0,0,0
TCGA-08-0524,185,0,221,NA,NA,0,1,0,0,0,0,0,0,0,1,1,0,0,0,0,0,0,0,0,0,0,0,0,0,-2,-2,0,0,0,0,0,0,0,0,0,0,0,0,0,0,0,1.429,0.781,0.781,0,0,0,0,0.743,0,0,0,0,0,0,0,0,0,0,0,0,0,0,0,0,0,0,0,0,0,0,0,0,0.803,0,0,0,0
TCGA-08-0525,186,0,486,NA,NA,2,0,-1,1,1,1,1,1,1,0,0,0,0,0,-2,-2,-1,0,0,0,0,0,0,0,0,0,0,0,0,0,0,-1,-1,-1,-1,-1,-1,1,-1,0,-1,0,0,0,0,0,-0.514,0,0,0,0,-0.568,0.808,0.808,-0.378,-0.378,-0.781,0,0,-0.778,0,0,0,0,0,0,0,0,-0.58,0,0,-0.327,-0.327,0.59,0,0,0,0
TCGA-08-0529,187,0,560,NA,NA,2,0,-1,1,1,1,1,1,1,0,0,0,0,0,-2,-2,-1,0,0,0,0,0,0,0,0,0,0,-1,0,0,0,0,0,0,0,0,0,1,-1,1,-1,0,0,0,0,0,0,0,0,0,0,0,1.494,1.494,0,0,0,0,-0.813,-0.813,0,0,0,0,0,0,0,0,0,0,0,0,0,0.67,0.745,0.745,0,0
TCGA-08-0531,188,0,230,NA,NA,2,1,0,1,1,1,1,1,1,2,2,0,0,0,-2,-2,-1,0,0,0,0,0,0,0,0,0,1,1,0,0,0,0,0,0,0,0,0,1,0,1,-1,0.304,0,0,0,0,0.3,0.3,0,0,0,0,0.868,0.868,0,0,0,0,0,-0.873,0,0,0,0,0,0,0,0,0,0,0,0,0,0.858,0.838,0.838,0,0
TCGA-12-0615,189,0,467,0,0,2,1,0,0,0,0,0,0,0,1,1,0,0,0,-2,-2,-1,-1,-1,-1,-1,-1,-1,-1,0,0,0,0,-1,-1,0,-1,-1,-1,-1,-1,-1,0,-1,0,-2,0,0,0,0.81,0.81,0,0,0,0,0,-0.798,0,0,0,0,-0.851,-0.851,-0.865,-0.865,0,0,0,0,-0.804,-0.867,0,0,0,0,0,0,0,0,0,0,0,0
TCGA-12-0616,190,0,448,0,0,2,0,1,1,2,2,0,1,1,0,0,0,0,0,0,0,-1,-1,-1,-1,-1,-1,-1,-1,0,0,0,0,0,0,-1,-1,-1,-1,-1,-1,-1,1,0,0,-1,0,0,0,0,0,0.133,0.133,0,0,-0.107,-0.107,0.367,0.367,0.125,0.125,0,0,-0.852,-0.852,-0.54,-0.54,0,0,0,-0.435,0,0,0,0,0,0,0,0,0,0,0,0
TCGA-12-0618,191,0,395,0,0,1,0,0,1,1,1,1,1,1,0,0,-1,-1,-1,0,0,-1,0,0,0,0,0,0,0,0,0,0,0,0,0,0,0,0,0,0,0,0,1,-1,0,-1,0,0,0,0,0,0,0,0,0,0,0,0.927,0.927,0,0,0,0.922,-0.939,-0.939,0,0,0,0,0,0,-0.927,0,-0.959,0,0,0,0,0,0,0,0,0.109
TCGA-12-0619,192,0,1062,0,0,2,1,-1,1,1,1,1,1,1,1,1,-1,-1,-1,0,0,-1,1,1,1,1,1,1,1,0,0,1,1,0,0,1,1,1,1,1,1,1,1,0,-1,-1,0.47,0,0,0.233,0.233,-0.253,-0.253,0,0,0.264,0.264,0.752,0.752,0,0,0,0,-1.293,-1.293,-0.283,-0.283,-0.445,-0.445,0,0.147,-0.711,-0.191,-0.191,-0.209,0.41,0,0,-0.167,0,0,0.143,-0.457
TCGA-12-0620,193,0,318,0,0,1,0,0,1,1,1,1,1,1,0,0,0,0,0,-2,-2,-1,0,0,0,0,0,0,0,0,0,0,0,-1,-1,0,0,0,0,-1,0,-1,1,0,0,-1,0,0,0,0,0,0,0,0,0,0,0,0.68,0.68,0,0,0,0,-0.714,-0.714,0,0,0,0,0,0,0,0,0,0,0,0,0,0,0,0,0,-0.686
TCGA-12-0654,194,0,231,NA,NA,1,0,0,1,1,1,1,1,1,0,0,0,0,0,-2,-2,-1,-1,-1,-1,-1,-1,-1,-1,0,0,0,-1,0,0,0,-1,-1,-1,-1,-1,-1,1,-1,0,-1,0,0,0,0,0,0,0,0,0,0,-0.665,1.238,1.238,0,0,-0.656,-0.02,-0.66,-0.66,0,0,0,0,0,-0.663,0,0,-0.619,0,0,0,0,0,0,0,0,0
TCGA-12-0656,195,0,2883,0,0,1,0,0,1,1,1,1,1,1,0,0,0,0,0,-2,-2,-1,0,0,0,0,0,0,0,0,0,0,0,0,0,0,-1,-1,-1,-1,-1,-1,1,-1,1,-1,0,0,0,0,0,0,0,0,0,0,-0.532,0.649,0.649,0,0,-0.582,0,-0.662,-0.662,0,0,0,0,0,0,0,0,0,0,0,0,0,0,0.589,0.589,0,-0.192
TCGA-12-0657,196,0,3,0,0,2,0,0,1,1,1,1,1,1,0,0,0,0,0,-2,-2,-1,0,0,0,0,0,0,0,0,0,0,0,0,0,0,0,0,0,0,0,0,1,0,1,-1,0,0,0,0,0,0,0,0,0,0,0,0.776,0.776,0,0,0,0,-0.823,-0.823,0,0,0,0,0,0,0,0,0,0,0,0.763,0.763,1.059,0,0,0,0
TCGA-12-0662,197,0,1161,0,0,2,0,0,1,1,1,1,1,1,1,1,0,0,0,0,0,-1,-1,-1,-1,-1,-1,-1,-1,1,1,1,1,-1,-2,1,1,1,1,1,1,1,2,0,0,-1,0.57,0,0,0,0,0,0,0,0,0.121,0.121,0.633,0.633,0,0,0,0,-0.655,-0.655,0,0,0,0,-0.546,-0.579,0,0,0,0,0,0,0,0,0,0,0,-0.721
TCGA-12-0670,198,0,790,0,0,2,1,0,1,1,1,1,1,1,0,0,0,0,0,-2,-2,-1,0,0,0,0,0,0,0,0,0,0,0,-1,-1,0,0,0,0,0,0,0,1,-1,1,-1,0,0,0,0,0,0,0,0,0,0,0,0.762,0.762,0,0,-0.81,0,-0.798,-0.798,0,0,-0.857,-0.857,0,0,0,0,0,0,0,0,0,0.607,0.718,0.718,0,-0.824
TCGA-12-0688,199,0,811,0,0,2,0,0,1,1,1,1,1,1,0,0,0,0,0,-2,-2,-1,0,0,0,0,0,0,0,0,0,-1,0,0,0,0,0,0,0,0,0,0,1,0,1,-1,0,0,0,0,0,0,0,0,0,0,0,0.773,0.773,0,0,0,0,-0.827,-0.827,0,0,0,0,0,0,0,0,0,0,0,0,0,0.652,0.747,0.747,0,0
TCGA-12-0691,200,0,369,0,0,1,0,0,1,1,0,1,1,1,0,0,0,0,0,-1,-1,-1,-1,-1,-1,-1,-1,-1,-1,0,-2,0,0,0,-1,-1,-1,-1,-1,-1,-1,-1,1,-1,0,-1,0,0,0,0,-0.765,0.244,0,0.695,0,-0.769,-0.769,0.802,0.802,0,0,0.46,0.706,-0.352,0,0,0,0.81,0.81,-0.144,0,0,0,0,0,0,0,0,0,0,0,0,0
TCGA-12-0692,201,0,111,0,0,1,2,0,1,1,1,1,1,1,0,0,0,0,0,-2,-2,-1,-1,-1,-1,-1,-1,-1,-1,0,0,0,0,0,0,-1,-1,-1,-1,-1,-1,-1,1,0,0,-2,0,0,0,0,0,0,0,0,0,-0.207,-0.207,0.742,0.742,0,0,0,0,-0.804,-0.804,0,0,0,0,0,-0.69,0,0.548,0.283,0,0,0,0,0,0.631,0.631,0,0
TCGA-12-0703,202,0,620,NA,NA,1,0,0,1,1,1,1,1,1,0,0,0,0,0,-2,-2,-1,0,0,0,0,0,0,0,0,0,0,0,0,0,0,0,0,0,0,0,0,1,0,1,-1,0,0,0,0,0,0,0,0,0,0,0,0.712,0.712,0,0,0,0,-0.755,-0.755,0,0,0,0,0,0,0,0,0,0,0,0,0,0.602,0.679,0.679,0,0
TCGA-12-0707,203,0,864,0,0,2,0,0,1,1,1,1,1,1,0,0,0,0,0,-2,-2,-1,0,0,0,0,0,0,0,0,0,0,0,0,0,0,0,0,0,0,0,0,1,-1,1,-1,0,0,0,0,0,0,0,0,0,0,0,0.781,0.781,0,0,-0.807,-0.807,-0.815,-0.815,0,0,0,0,0,0,0,0,0,0,0,0,0,0.598,0.79,0.79,0,0
TCGA-12-0769,204,0,458,NA,NA,2,1,0,1,1,1,1,1,1,0,0,0,0,0,0,0,-1,0,0,0,0,0,0,0,0,0,-1,0,-1,-1,0,0,0,0,0,0,0,1,0,1,-1,0,0,0,0,0,0,0,0,0,0,0,0.769,0.769,0,0,0,0,-0.845,-0.845,0,0,0,0,-0.84,0,0,0,0,0,0,0,0,0.595,0,0,0,0
TCGA-12-0772,205,0,1638,NA,NA,1,0,0,1,1,1,1,1,1,0,0,0,0,0,0,0,-1,0,0,0,0,0,0,0,0,0,0,0,-1,-1,0,-1,-1,-1,-1,-1,-1,1,0,1,-1,0,0,0,0,0,0,0,0,0,0,-0.15,0.7,0.7,0,0,0,0,-0.701,-0.701,-0.296,-0.296,0,0,-0.674,0,0,0,0,-0.157,-0.157,0,0,0.587,0,0,0,0
TCGA-12-0773,206,0,1315,0,0,1,1,0,1,1,1,1,1,1,1,1,0,0,0,0,0,0,0,0,0,0,0,0,0,0,0,0,-2,0,0,0,0,0,0,0,0,0,1,0,0,0,0.78,0,0,0,0,0,0,0,0,0,0,1.501,1.501,0,0,0.763,0.763,0,0,0,0,0,0,0,0,0,0,0,0,0,0,0,0,0,0,0,0
TCGA-12-0775,207,0,232,0,0,1,2,0,1,1,1,1,1,1,0,0,0,0,0,-2,-2,-1,0,0,0,0,0,0,0,0,0,0,0,0,0,0,0,0,0,0,0,0,1,-1,0,-2,0,0,0,0,0,0,0,0,0,0,0,0.418,0.418,0,0,0,0,-0.438,-0.438,0,0,0,0,0,0,0,0,0,0,0,0,0,0,0,0,0,0
TCGA-12-0776,208,0,296,NA,NA,2,0,0,1,1,1,1,1,1,0,0,0,0,0,0,0,-1,-1,0,0,0,-1,0,0,0,0,0,-1,-1,-1,0,0,0,0,0,0,0,1,0,0,-1,0,0,0,-0.469,0,0,0,0,0,0.438,0.438,0.463,0.463,-0.231,-0.231,0,0.113,-0.477,-0.477,0,0,0.447,0,-0.368,0.45,0,-0.468,0,0,0,-0.334,-0.334,0,0,0,0,-0.483
TCGA-12-0778,209,0,454,0,0,2,0,0,1,1,1,1,1,1,0,0,0,0,0,-2,-2,-1,0,0,0,0,0,0,0,1,1,0,0,0,0,0,0,0,0,0,0,0,1,-1,2,-1,0,0.352,0.352,0,0,0,0,0.564,0.564,0,0,0.565,0.565,0,0,-0.592,0,-0.629,-0.629,0,0,0.545,0.545,0,0,0,0,0,0,0,0,0,0,0.591,0,0,0
TCGA-12-0780,210,0,452,NA,NA,2,0,0,1,1,2,1,1,1,0,0,0,0,0,-2,-2,-1,0,0,0,0,0,0,0,0,0,0,0,0,0,0,-1,-1,-1,-1,-1,-1,1,-1,1,-1,0,0,0,0,0,0,0,0,0,0,0,0.85,0.85,0,0,0,0,-0.864,-0.864,0,0,0,0,0,0,0,0,0,0,0,0,0,0.434,0.761,0.761,0,0
TCGA-12-0818,211,0,2791,0,1,0,0,1,1,1,2,1,1,1,0,0,1,1,1,-2,-2,0,0,-1,0,-1,0,-1,-1,-1,-1,0,0,0,0,0,0,0,0,0,0,0,0,-2,0,0,0,0,0,0,0,0,0,-0.203,-0.203,0,0,0,0.935,0,0.24,-0.653,0.228,0,0,0,0.837,0,0,0,0,0.202,0,0,0,0,0,0,0,0,0,0,0
TCGA-12-0819,212,0,754,0,0,2,0,1,1,1,1,1,1,1,0,0,0,0,0,-2,-2,-1,0,0,0,0,0,0,0,0,0,0,0,-1,-1,0,0,0,0,0,0,0,1,-1,1,-1,0,0,0,0,0,0,0,0,0,0,0,0.653,0.653,0.604,0.604,0,0,-0.734,-0.734,-0.618,-0.618,0,0,-0.271,0,0,0,0,0,0,0,0,0.564,0.555,0.555,0,0
TCGA-12-0820,213,0,562,0,0,1,0,0,1,1,1,1,1,1,0,0,0,0,0,0,0,-1,0,0,0,0,0,0,0,0,0,-1,0,0,0,0,0,0,0,0,0,0,0,0,1,-2,0,0,0,0,0,0,0,0,0,0,0,0.78,0.78,0,0,0,0,-0.828,-0.828,0,0,0,0,0,0,0,0,0,0,0,0,0,0,0.759,0.759,0,-0.812
TCGA-12-0821,214,0,323,0,0,2,2,-1,1,1,1,1,1,1,0,0,0,0,0,-2,-2,-1,-1,-1,-1,-1,-1,-1,-1,0,0,-1,0,0,0,0,0,0,0,0,0,0,1,-1,0,-2,0,0,0,0,0,0,0,0,0,0,0,0.755,0.755,0,0,-0.814,-0.814,-0.823,-0.823,0,0,0,0,0,-0.816,0,0.109,0.109,0.113,0.113,0,0,0,0,0,0,-0.777
TCGA-12-0822,215,0,715,0,0,1,0,0,1,1,1,1,1,1,0,0,0,0,0,-2,-2,-1,0,0,0,0,0,0,0,0,0,0,0,0,0,-1,-1,-1,-1,-1,-1,-1,1,0,0,-2,0,0,0,0.386,0,0,0,0,0,-0.229,-0.229,0.585,0.585,0,0,0,0,-0.37,-0.37,-0.128,-0.128,0,0,0,0,0,0,0,0.1,0.1,0,0,0,0,0,0.484,0
TCGA-12-0826,216,0,845,0,0,1,1,-1,1,1,1,1,1,1,1,1,1,1,1,-1,-1,-1,0,0,0,0,0,0,0,1,1,1,1,-1,-1,0,0,0,0,0,0,0,1,-1,1,-1,0.267,-0.426,-0.145,-0.219,-0.219,0.102,0.102,0.151,0.151,0,0,1.351,1.351,-0.206,-0.206,-0.369,-0.369,-0.784,-0.784,0.104,0.104,0,0,-0.182,0,0.13,-0.127,-0.127,-0.143,-0.143,-0.121,-0.446,0.299,0.175,0.175,-0.459,-0.442
TCGA-12-0827,217,0,1179,0,1,0,1,1,2,2,0,2,2,2,1,1,0,0,0,-2,-2,-1,-1,-1,-1,-1,-1,-1,-1,0,0,0,0,-1,-1,0,0,0,0,0,0,0,1,-1,0,-1,0.101,0,0,0,0.19,-0.188,-0.188,0,0,0,0,0.275,0,-0.137,0.309,-0.487,0.397,-0.173,-0.173,-0.118,0.104,0,0,-0.577,-0.136,0,0.364,0.532,0.21,0.21,0.041,0.499,0,0.294,0,-0.18,0.397
TCGA-12-0828,218,0,272,0,0,2,0,0,1,1,1,1,1,1,0,0,0,0,0,-2,-2,-1,0,0,0,0,0,0,0,0,0,0,0,-1,-1,0,0,0,0,0,0,0,1,0,0,-1,0,0,0,0,0,0,0,0,0,0,0,0.684,0.684,0,0,0,0,-0.722,-0.722,0,0,0,0,-0.113,0,0,0,0,0,0,0,0,0,0,0,0,0
TCGA-12-0829,219,0,626,0,0,2,2,0,1,1,1,1,1,1,0,0,0,0,0,-2,-2,-1,0,0,0,0,0,0,0,0,0,0,0,-1,-1,0,0,0,0,0,0,0,1,0,1,-1,0,0,0,1.261,1.261,0,0,0,0,0,0,0.398,0.398,0,0,0,0,-0.417,-0.417,0,0,0,0,-0.38,0,0,0,0,0,0,0,0,0.341,0.373,0.373,0,0
TCGA-12-1088,220,0,3881,0,0,1,0,0,1,1,1,1,1,1,0,0,-1,-1,-1,-1,-1,-1,-1,-1,-1,-1,-1,-1,-1,0,0,0,0,-1,-1,0,0,2,0,0,0,0,1,-1,0,-2,0,0,0,0.674,0.674,0,0,0,0,0,0,0.521,0.521,0,0,-0.027,0.635,-0.688,-0.688,0,0,0,0,-0.339,-0.706,-0.624,0.135,0,0,0,-0.69,-0.69,0,0,0,0,-0.643
TCGA-12-1089,221,0,177,0,0,2,0,0,1,1,1,1,1,1,0,0,0,0,0,-2,-2,-1,-1,-1,-1,-1,0,-1,-1,0,0,0,0,0,0,0,-1,-2,-1,-1,-1,-1,1,0,0,-1,0,0,0,0,0,0,0,0,0,0,0,0.737,0.737,0,0,0,0,0,-0.784,0,0,0,0,0,-0.787,0,0,0,0,0,0,0,0,0,0,0,0
TCGA-12-1090,222,0,231,NA,NA,1,1,0,1,1,1,1,1,1,1,1,0,0,0,0,0,0,0,0,0,0,0,0,0,0,0,1,1,0,1,0,0,0,0,0,0,0,1,0,0,1,0.18,0,0,0,0,0,0,0,0,0,0,1.561,1.561,0,0,0,0,0,0,0,0,1.195,0.16,0,0,0,0,0,0,0,1.032,0,0,0,0,0,0
TCGA-12-1091,223,0,1010,NA,NA,1,0,0,0,0,0,0,0,0,0,0,0,0,0,-2,-2,-1,-1,-1,-1,-1,-1,-1,-1,0,0,-1,0,-1,-1,0,0,0,0,0,0,0,1,0,0,-1,0,0,0,0,0,0,0,0,0,0,0,0.968,0,0,0,0,-0.907,-0.926,-0.926,0,0,0,0,-0.944,-0.93,0,0,0,0,0,0,0,0,0,0,0,-0.905
TCGA-12-1092,224,0,661,0,0,1,2,1,1,1,1,1,1,1,0,0,0,0,0,-1,-1,-1,-1,-1,-1,-1,-1,-1,-1,0,0,0,-1,-1,-1,1,1,1,1,1,1,1,1,-1,0,-1,0,0,0,0,0,0,0,0,0,0.4,0.4,0.491,0.491,0,0,-0.644,0,0,-0.683,0,0,0,0,-0.669,-0.561,0,0,0,0,0.327,0.449,0.449,0,0,0,0,0
TCGA-12-1093,225,0,486,0,0,1,0,0,1,1,1,1,1,1,0,0,0,0,0,-1,-1,-1,0,0,0,0,0,0,0,0,0,-1,0,-1,-1,0,-1,-1,-1,-1,-1,-1,1,-1,0,-1,0,0,0,0,0,0,0,0,0,0,0,0.387,0.387,0,0,-0.393,-0.393,-0.392,0,0.217,0,0,0,-0.396,0,0,0,0,0,0,0,0,0,0.22,0.22,0,0
TCGA-12-1094,226,0,372,NA,NA,2,0,0,1,1,1,1,1,1,0,0,0,0,0,-2,-2,-1,0,0,0,0,0,0,0,0,0,-1,0,-1,-1,0,0,0,0,0,0,0,1,0,1,-1,0,0,0,0,0,0,0,0,0,0,0,0.742,0.742,0,0,0,0,-0.79,-0.79,0,0,0,0,-0.787,0,0,0,0,0,0,0,0,0.602,0.697,0.697,0,0
TCGA-12-1095,227,0,482,NA,NA,1,0,0,1,1,1,1,1,1,0,0,0,0,0,-2,-2,-1,0,0,0,0,0,0,0,0,0,-1,0,0,0,0,-1,-1,-1,-1,-1,-1,1,-1,-1,-1,0,0,0,0,0,0,0,0,0,0,-0.683,0.645,0.645,0,0,-0.677,0,-0.679,-0.679,0,0,0,0,0,0,0,0,0,0,0,0,0,-0.487,0.635,0,0.148,0
TCGA-12-1096,228,0,277,NA,NA,1,1,0,1,1,1,1,1,1,0,0,-1,-1,-1,-2,-2,-1,-1,-1,-1,-1,-1,-1,-1,1,1,1,0,-1,-1,0,0,0,0,0,0,0,1,1,0,-1,0,0,0,0,0,0,0,0.174,0.174,0,0,0.826,0.826,0,0,0.217,0.217,-0.402,-0.402,0,0,0,0,-0.217,-0.452,-0.129,0,0,0.218,0.218,-0.251,-0.251,0,0,0,0,-0.4
TCGA-12-1097,229,0,442,NA,NA,2,0,0,1,1,1,1,1,1,0,0,0,0,0,-2,-2,-1,0,0,0,0,0,0,0,0,0,-1,0,-1,-1,0,0,0,0,0,0,0,1,-1,0,-1,0,0,0,0,0,0,0,0,0,0,0,0.714,0.714,0,0,-0.743,0,-0.772,-0.772,0,0,0,0,-0.775,0,0,0,0,0,0,0,0,0,0,0,0,-0.756
TCGA-12-1098,230,0,121,NA,NA,1,1,0,1,1,1,1,1,1,1,1,0,0,0,-2,-1,-1,0,0,0,0,0,0,0,0,0,1,1,0,0,-1,0,0,0,-1,0,-1,1,-1,0,0,0.145,0,0,0,0,0,0,0.715,0.715,-0.716,0,0.873,0.873,-0.883,0,0,1.55,-0.727,0,0,0,0.769,0.769,0,0,0,0,0,-0.876,-0.876,0,0,0,0,0,0,0
TCGA-12-1099,231,0,126,NA,NA,1,1,1,1,1,1,1,1,1,1,1,-1,-1,-1,-1,-1,1,0,0,0,0,0,0,0,0,0,1,1,-1,-1,1,-1,-1,-1,-1,-1,-1,1,0,1,-2,0.262,0.086,-0.214,1.063,1.063,0,0,0,0,-0.193,-0.193,0.868,0.868,0.288,0.288,0,0,1.349,1.349,-0.194,-0.194,0,0,-0.71,0,-0.737,-0.293,-0.293,0,0,0,0,1.06,-0.166,-0.166,-0.474,0.31
TCGA-12-1598,232,0,476,0,0,2,1,2,1,1,1,1,1,1,1,1,-1,-1,-1,0,0,-1,-1,-1,-1,-1,-1,-1,-1,0,0,1,1,-2,-2,1,1,1,1,1,1,1,1,0,1,-1,1.262,0,0,0.156,0.156,-0.162,-0.162,0,0,0.133,0.133,0.851,0.851,-0.857,-0.307,0,0,-0.924,-0.924,0.155,-0.749,0.163,0,-0.82,-0.836,0,0.129,0.129,0,0,0.392,0.392,0.28,0,0,0,-0.902
TCGA-12-1599,233,0,781,0,0,1,0,0,1,1,1,1,1,1,0,0,0,0,0,-2,-2,-1,0,0,0,0,0,0,0,0,0,0,0,0,0,0,0,0,0,0,0,0,1,-1,1,-1,0,0,0,0,0,0,0,0,0,0,0,0.755,0.755,0,0,-0.691,0,-0.743,-0.743,0,0,0,0,0,0,0,0,0,0,0,0,0,0.578,0,0,0,0
TCGA-12-1600,234,0,448,0,0,2,0,0,1,1,1,1,1,1,0,0,-1,-1,-1,0,0,-1,0,0,0,0,0,0,0,0,0,0,0,0,0,0,0,0,0,0,0,0,1,0,1,-1,0,-0.31,-0.31,0,0,0,0,0,0,0,0,0.93,0.93,0,0,0,0,-0.961,-0.961,0,0,-0.212,-0.212,0,0,-0.926,-0.15,-0.15,0.118,0.118,0,0,0.774,0.346,0.346,-0.185,-0.939
TCGA-12-1602,235,0,206,0,0,1,0,1,0,0,0,0,0,0,0,0,-1,-1,-1,-1,-1,-1,-1,-1,-1,-1,-1,-1,-1,1,1,0,0,-1,-1,-1,-1,-1,-1,-1,-1,-1,1,-1,1,-1,0,0,0,0.367,0.367,0,0,0.481,0.481,-0.273,-0.273,1.006,1.006,0.38,0.38,-0.118,-0.118,-1.293,-1.293,-0.431,-0.431,-0.023,-0.561,0,-0.571,-0.262,0.441,0,0.232,0.232,0.608,0.608,0,0.428,0.428,0.435,0.473
TCGA-12-3644,236,0,1818,0,0,1,0,0,1,1,1,1,1,1,0,0,0,0,0,0,0,-1,0,0,0,0,0,0,0,0,0,0,0,-1,-1,0,0,0,0,0,0,0,1,0,0,-1,0,0,0,1.158,1.158,-0.995,-0.995,0,0,0,0,1.224,1.224,0,0,0,0,-1.045,-1.045,0,0,0,0,-0.977,0,0,0,0,0,0,0,0,0,0,0,0,0
TCGA-12-3646,237,0,1339,0,0,1,0,1,1,1,1,1,1,1,1,1,-1,-1,-1,1,1,-1,1,1,1,1,1,1,1,1,1,1,1,-1,-1,-1,-1,-1,-1,-1,-1,-1,1,1,0,-1,0,-0.195,-0.195,0.203,0.203,-0.494,-0.494,0.145,0.145,-0.208,-0.208,1.158,1.158,0.126,0.126,0.204,0.204,-1.012,-1.012,-0.317,-0.19,-0.345,-0.345,-0.993,0.192,-0.961,0.188,0.188,0,0,0,0,0,0.183,0.183,0.154,-1.026
TCGA-12-3648,238,0,819,0,0,2,0,0,1,1,1,1,1,1,0,0,0,0,0,-2,-2,-1,0,0,0,0,0,0,0,0,0,0,0,0,0,0,0,0,0,0,0,0,1,0,1,-1,0,0,0,0,0,0,0,0,0,0,0,1.197,1.197,0,0,0,0,-1.112,-1.112,0,0,0,0,0,0,0,0,0,0,0,0,0,0.946,1.173,1.173,0,0
TCGA-12-3649,239,0,463,0,0,2,1,0,1,1,1,1,1,1,0,0,0,0,0,-2,-2,-1,0,0,0,0,0,0,0,0,0,-1,-1,0,0,0,0,0,0,0,0,0,0,-1,1,-1,0,0,0,0,0,0,0,0,0,0,0,0.967,0.967,0,0,0,0,-0.885,-0.885,0,0,0,0,0,0,0,0,0,0,0,0,0,0.837,0.964,0.964,0,0
TCGA-12-3650,240,0,333,0,0,2,0,0,1,1,1,1,1,1,0,0,0,0,0,-2,-2,-1,0,0,0,0,0,0,0,0,0,0,0,0,0,0,0,0,0,0,0,0,1,0,1,-2,0,0,0,0,0,0,0,0,0,0,0,1.121,1.121,0,0,0,0,-1.008,-1.008,0,0,0,0,0,0,0,0,0,0,0,0,0,0.946,0,0,0,0
TCGA-12-3651,241,0,386,0,0,1,0,0,1,1,1,1,1,1,0,0,0,0,0,-2,-1,-1,-1,-1,-1,-1,0,-1,-1,0,0,-1,0,0,0,0,0,0,0,0,0,0,1,-1,1,-1,0,0,0,0,0,0,0,0,0,0,0,0.821,0.821,0,0,-0.75,0,-0.78,-0.78,0,-0.119,0,0,0,0,0,0,0,0,0,0.08,0.848,0,0,0,0,-0.752
TCGA-12-3652,242,0,1062,0,0,2,0,0,0,0,0,0,0,0,0,0,0,0,0,-2,-2,-1,0,0,-1,0,0,0,0,0,0,0,0,-1,-1,0,0,0,0,0,0,0,1,-1,1,-1,0,0,0,0,0,0,0,-1.033,-1.033,0,0,0.404,0,0,0,-1.025,-1.025,-1.069,-1.069,0,0,0,0,0,0,0,0,0,0,0,0,0,0.947,1.129,1.129,0,0
TCGA-12-3653,243,0,442,0,0,2,1,1,1,1,1,1,1,1,1,1,1,1,1,-2,-2,-1,1,1,1,1,-1,1,1,-1,-1,1,1,-1,-1,1,-1,-1,-1,-1,-1,-1,1,-1,1,-1,0.568,0.478,0.478,-0.65,-0.217,-0.21,-0.21,-0.219,-0.219,-0.386,-0.901,2.176,2.176,0.526,0.526,-0.89,-0.89,-0.921,-0.921,-0.229,-0.229,0.505,0.505,-0.9,-0.855,0.538,-0.249,-0.249,-0.253,-0.253,0.542,0.542,0.447,0.495,0.495,-0.233,-0.252
TCGA-14-0783,244,0,189,NA,NA,2,1,0,1,1,1,1,1,1,1,1,-1,-1,-1,-1,-1,-1,-1,-1,-1,-1,-1,-1,-1,0,0,1,1,-1,-1,0,0,0,0,0,0,0,1,-1,1,-1,0.661,-0.266,-0.266,0,0,0,0,0,0,0,0,0.807,0.807,0,0,-0.839,0,-0.869,-0.869,-0.401,-0.401,-0.208,-0.208,-0.846,-0.185,-0.536,0,0,0,0,0,0,0.566,0.408,0.408,0,-0.119
TCGA-14-0786,245,0,701,0,0,2,0,0,1,1,1,1,1,1,0,0,0,0,0,-2,-2,-1,0,0,0,0,0,0,0,0,0,-1,0,0,0,0,0,0,0,0,0,0,1,-1,1,-1,0,0,0,0,0,0,0,0,0,0,0,0.862,0.862,0,0,-0.923,0,-0.937,-0.937,0,0,0,0,0,0,0,0,0,0,0,0,0,0,0.885,0.885,0,0
TCGA-14-0787,246,0,68,0,0,2,2,0,1,1,1,1,1,1,0,0,0,0,0,-2,-2,-1,0,0,0,0,0,0,0,0,0,-1,0,-1,-1,0,0,0,-1,-1,-1,-1,1,-1,0,-1,0,0,0,0,0,0,0,0,0,0,0,0.788,0.788,0,0,-0.832,0,-0.846,-0.846,0,0,0,0,-0.831,0,0,0,0,0,0,0,0,0,0.759,0.759,0,0
TCGA-14-0789,247,0,342,0,0,2,0,0,1,1,1,1,1,1,0,0,0,0,0,-2,-1,-1,0,0,0,0,0,0,0,0,0,0,0,0,0,0,0,0,0,0,0,0,1,0,1,-1,0,0,0,0,0,0,0,0,0,0,0,0.574,0.574,0,0,0,0,-0.573,-0.573,0,0,0,0,0,0,0,0,0,0,0,0,0,0.472,0,0,0,0
TCGA-14-0813,248,0,41,0,0,1,1,0,1,1,1,1,1,1,1,1,0,0,0,-2,-2,-1,-1,-1,-1,-1,-1,-1,-1,0,0,1,-1,0,0,0,1,1,0,0,0,0,1,-1,0,-1,0.112,0,0,0,0,0,0,0,0,0,0,1.242,1.242,0,0,-0.563,0.111,-0.682,-0.682,0,0,0,-0.311,0,-0.697,0,-0.719,-0.719,0.2,0.2,0,0,0,0,0,0,0.195
TCGA-14-0817,249,0,164,0,0,2,1,1,1,1,1,1,1,1,1,1,-1,-1,-1,-2,-2,-1,-1,-1,-1,-1,-1,-1,-1,-1,-1,1,1,-1,-1,-1,-1,-1,-1,-1,-1,-1,1,1,1,-1,0.589,0.137,0.137,0,0,0,0,-0.183,-0.183,-0.336,-0.336,0.828,0.828,0.186,0.186,0.133,0.133,-0.778,-0.778,-0.464,-0.464,-0.205,-0.205,0.39,-0.13,-0.29,0,0,0,0,-0.13,-0.13,0.584,0.206,0.206,-0.214,0
TCGA-14-0867,250,0,62,0,0,1,1,1,1,1,1,1,1,1,1,1,-1,-1,-1,1,1,-1,1,1,1,1,1,1,1,-1,-1,1,1,-1,-1,0,0,0,0,0,0,0,1,1,1,-1,0.426,-0.252,-0.252,0.123,0.123,-0.462,-0.462,-0.267,-0.267,0,0,0.401,0.401,0.834,0.834,0.113,0.113,-0.485,-0.485,-0.633,-0.633,-0.211,-0.211,0,0.132,-0.135,0,0,0,0,0.156,0.156,0.398,-0.375,-0.375,0,-0.119
TCGA-14-0871,251,0,880,0,0,1,1,1,1,1,1,1,1,1,1,1,0,0,0,-1,-1,-1,0,0,0,0,0,0,0,-1,-1,1,1,1,1,0,0,0,0,0,0,0,1,-2,-2,-1,1.062,0.747,0.747,-0.142,-0.435,0,0,-0.322,-0.322,0,0,0.691,1.214,0.398,0.398,0,0,-0.771,-0.771,-0.754,-0.383,-0.229,-0.229,0.296,0,0,-0.628,-0.628,-0.351,-0.351,1.387,1.387,0,0.869,0.869,1.118,0.193
TCGA-14-1034,252,0,485,0,0,1,-1,-1,1,1,1,1,1,1,0,0,0,0,0,0,0,-1,0,0,0,0,0,0,0,0,0,0,1,-1,-1,0,0,0,0,0,0,0,1,0,1,-1,-0.673,0,0,0,0,0,0,0,0,0,0,0.689,0.689,-0.421,-0.421,0,0,-0.721,-0.721,0,0,0,0,-0.702,0,0,0,0,0,0,0,0,0.489,0,0,0.654,-0.765
TCGA-14-1037,253,0,587,0,0,2,2,0,1,1,1,1,1,1,0,0,0,0,0,-2,-2,-1,0,0,0,0,0,0,0,0,0,0,0,0,-1,0,-1,-1,-1,-1,-1,-1,1,-1,0,-1,0,0,0,0,0,0,0,0,0,0,-0.539,0.539,0.539,0,0,-0.538,0,-0.548,-0.548,0,0,0,0,0,0,0,0,0,0,0,0,0,0,0,0,0,0
TCGA-14-1396,254,0,34,0,0,1,0,0,1,1,1,1,1,1,0,0,0,0,0,-2,-2,0,-1,-1,-1,-1,-1,-1,-1,1,1,-1,0,-1,-1,-1,0,0,0,-1,0,-1,1,-1,0,0,0,0,0,0,0,0,0,0.643,0.643,0,0,0.679,1.876,0,0,-0.744,-0.744,0,0,0,0,0.649,0.649,-0.767,-0.744,0,0,0,-0.758,0,0,0,0,0,0,0,0
TCGA-14-1401,255,0,114,NA,NA,2,2,0,1,1,1,1,1,1,0,0,0,0,0,-2,-2,-1,0,0,0,0,-1,0,0,0,0,0,0,0,0,0,0,0,0,0,0,0,1,0,0,-1,0,0,0,0,0,0,0,0,0,0,0,0.598,0.598,0,0,0,0,-0.642,-0.642,0,0,0,0,0,0,0,0,0,0,0,0,0,0,0,0,0,0
TCGA-14-1402,256,0,975,NA,NA,2,0,0,0,0,0,0,0,0,0,0,0,0,0,-2,-2,-1,0,0,0,0,0,0,0,0,0,0,0,0,0,0,-1,0,0,0,0,0,0,-1,1,-1,0,0,0,0,0,0,0,0,0,0,0,0,0,0,0,-0.795,0,-0.827,-0.827,0,0,0,0,0,0,0,0,0,0,0,0,0,0.661,0.778,0.778,0,-0.835
TCGA-14-1451,257,0,703,0,0,1,0,0,1,1,1,1,1,1,0,0,0,0,0,0,0,-1,0,0,0,0,0,0,0,0,0,-1,0,-1,-1,0,0,0,0,0,0,0,1,0,0,-1,0,0,0,0,0,0,0,0,0,0,0,0.624,0.624,0,0,0,0,-0.814,-0.814,0,0,-0.651,-0.651,-0.801,0,0,0,0,0,0,0,0,0,0,0,0,0
TCGA-14-1452,258,0,216,NA,NA,2,1,0,0,0,0,0,0,0,1,1,0,0,0,-2,-2,-1,0,0,0,0,0,0,0,0,0,1,-1,0,0,0,0,0,0,0,0,0,2,0,1,-1,0.606,0,0,0,0,0,0,0,0,0,0,0.615,0.615,0,0,0,0,-0.758,-0.758,0,0,0,0,0,0,0,0,0,0,0,0,0,0.469,0.632,0.632,0,0
TCGA-14-1453,259,0,35,0,0,2,0,1,0,0,0,0,0,0,0,0,0,0,0,-1,-1,-1,-1,-1,-1,-1,-1,-1,-1,-1,-1,0,0,-1,-1,-1,-1,-1,-1,-1,-1,-1,1,-1,0,-1,0,0.158,0.158,0,0,0.7,-0.308,-0.195,-0.195,-0.86,-0.86,0.871,0.871,0,0,-1.293,-1.05,-0.893,-0.893,0,0,0.505,0.505,-0.864,0,0,0,0,-0.88,-0.88,-0.884,0,0,0.782,0,0,0
TCGA-14-1454,260,0,918,NA,NA,1,1,0,1,1,1,1,1,1,1,1,0,0,0,0,0,-1,0,0,0,0,0,0,0,0,0,1,1,-1,-1,1,1,1,1,1,1,1,1,0,1,-1,1.126,0,0,0,0,-0.516,-0.516,0,0,0.122,0.122,0.66,0.66,0,0,0,0,-0.759,-0.759,-0.586,-0.586,0,0,-0.705,0,0,0.391,0.391,0,0,0,0,0.287,0,0,0.442,-0.557
TCGA-14-1455,261,0,28,0,0,1,0,0,1,1,1,1,1,1,0,0,0,0,0,-2,-2,-1,-1,-1,-1,-1,-1,-1,-1,0,0,0,-2,0,0,0,0,0,0,0,0,0,1,0,0,-1,0,0,0,0,0,0,0,0,0,0,0,0.876,0.876,0,0,0,0,-0.923,-0.923,0,0,0,0,0,-0.927,0,0,0,0,0,0,0,0,0,0,0,0
TCGA-14-1458,262,0,203,0,1,1,0,0,1,1,1,1,1,1,0,0,0,0,0,-1,-1,0,0,0,0,0,0,0,0,0,0,-1,-1,-1,-1,0,0,0,0,0,0,0,1,-1,-1,0,0,0,0,-0.404,-0.404,-0.55,-0.222,0,0,0,0,0.858,0.858,0,0,-0.322,0,0,0,0,0,0,0,-0.328,0,0,0,0,0,0,0,0,-0.174,0,0,0,0
TCGA-14-1459,263,0,378,NA,NA,2,2,0,1,1,1,1,1,1,0,0,1,0,1,-2,-2,-1,0,0,0,0,0,0,0,0,0,0,0,0,0,0,0,0,0,0,0,0,1,0,0,-2,0,0,0,0,0,0,0,0,0,0,0,0.838,0.838,0,0,0,0,0,-0.89,-0.235,-0.235,0,0,0,0,0,0,0,0,0,0,0,0,0,0,0,0
TCGA-14-1794,264,0,30,0,0,2,1,-1,1,1,1,1,1,1,1,1,-1,-1,-1,0,0,-1,0,0,0,0,0,0,0,0,0,1,1,0,-2,1,1,1,1,1,1,1,1,0,0,-1,0.151,0,0,0.379,0.379,0,0,0,0,0.128,0.128,0.516,0.516,-0.189,-0.189,0,0,-0.493,-0.493,-0.374,-0.374,-0.142,-0.142,0,0,-0.448,0,0,0.101,0.441,0.267,0.267,0,0,0,0,-0.252
TCGA-14-1795,265,0,60,0,0,1,0,0,1,1,2,1,1,1,0,0,0,0,0,-2,-2,-1,0,0,0,0,0,0,0,0,0,0,-2,0,0,0,0,0,0,0,0,0,1,-2,0,-1,0,0,0,0,0,0,0,0,0,0,0,0.68,0.68,0,0,0,0,-0.721,-0.721,0,0,0,0,0,0,0,0,0,0,0,0,0,0,0,0,0,0
TCGA-14-1821,266,0,541,0,1,0,0,0,0,0,0,0,0,0,0,0,0,0,0,-1,-1,0,-1,-1,-1,-1,-1,-1,-1,-1,-1,0,0,0,0,1,0,0,0,1,0,1,0,-1,0,0,0,0,0,0,0,1.318,0.907,-0.143,-0.143,0,0,0,0,0,0,0,1.043,0,0,-0.942,0,0.192,0.192,0,0,0,0,0.131,0,0,0,0,0,0,0,0,-0.384
TCGA-14-1823,267,0,543,0,0,2,1,-1,1,1,1,1,1,1,1,1,1,1,1,-2,-2,-1,-1,-1,-1,-1,-1,-1,-1,1,1,1,1,-1,-1,-1,-1,-1,-1,-1,-1,-1,1,0,1,-1,0.461,0.453,0.453,-0.169,-0.169,-0.121,-0.121,0.503,0.503,-0.206,-0.206,0.953,0.953,-0.179,-0.179,0,0,-0.649,-0.649,-0.176,-0.176,1.683,0.469,-0.169,-0.175,0.474,-0.174,-0.174,0,0,0.33,0.33,0.42,0.474,0.474,-0.166,0
TCGA-14-1825,268,0,232,0,0,1,0,1,1,-1,1,1,1,1,0,0,0,0,0,-2,-2,-1,0,0,0,0,-1,0,0,0,0,0,0,-1,-1,0,0,0,0,0,0,0,1,0,0,-2,0,0,0,1.537,1.537,0,0,0,0,0,0,0.524,0.524,0.794,0.794,0,0,-0.853,-0.853,0,0,0,0,-0.278,0,0,0,0,0,0,0,0,0,0,0,0,0
TCGA-14-1827,269,0,179,0,0,2,0,0,1,1,1,1,1,1,0,0,0,0,0,-2,-2,-1,0,0,0,0,0,0,0,0,0,-1,1,0,0,0,0,0,0,0,0,0,1,0,0,-1,0,0,0,0,0,0,0,0,0,0,0,0.818,1.142,0,0,0,0,-0.454,-0.821,0,0,0,0,0,0,0,0,0,0,0,0,0,0,0,0,0,0
TCGA-14-1829,270,1,218,0,0,2,0,0,1,0,1,1,1,1,0,0,0,0,0,-2,-2,-1,-1,-1,-1,-1,-1,-1,-1,0,0,-1,0,0,0,0,0,0,0,0,0,0,1,0,1,-1,0,0,0,0,0.437,0,0,0,0,0,0,0.717,0.717,0,0,0,0,-0.746,-0.746,0,0,0,0,0,-0.482,0,0,0,0,0,0,0,0.634,0,0,0,0
TCGA-15-0742,271,0,419,0,0,2,1,0,1,1,1,1,1,1,0,0,0,0,0,-2,-2,-1,0,0,0,0,0,0,0,0,0,0,0,-1,-1,0,-1,-1,-1,-1,-1,-1,1,0,0,-1,0.863,0,0,0,0,0,0,0,0,0,-0.859,0.846,0.846,0,0,0,0,-0.924,-0.924,0,0,0,0,-0.896,0,0,0,0,0,0,0,0,0,0.716,0.716,-0.242,-0.985
TCGA-15-1444,272,0,1537,0,1,0,0,0,0,0,0,0,0,0,0,0,0,0,0,-1,-1,2,0,0,0,0,0,0,0,-1,-1,0,0,-1,-1,0,0,0,0,0,0,0,-1,-1,-1,-1,0,0,-0.103,0,0,0,0,0,0,0,0,0,0,0,0,-0.589,-0.232,-0.595,-0.595,0,0,0,0,-0.599,0,0,0,0,0,0,0,0,-0.117,0,0,0,0
TCGA-15-1446,273,1,581,0,0,2,1,0,1,1,1,1,1,1,0,0,0,0,0,-2,-2,-1,0,0,0,0,0,0,0,0,0,0,0,0,0,0,0,0,0,0,0,0,0,0,1,-2,0,0,0,0,0,0,0,0,0,0,0,0.627,0.627,0,0,0,0,-0.666,-0.666,0,0,0,0,0,0,0,0,0,0,0,0,0,0.525,0,0,0,0
TCGA-15-1447,274,1,1618,NA,NA,0,0,0,0,0,0,0,0,0,1,1,0,0,0,-1,-1,0,-1,0,0,0,-1,0,0,-1,-1,0,1,-1,-1,1,1,1,1,1,1,1,0,-1,0,0,0.133,-0.498,-0.498,-0.523,-0.523,0,-0.489,0.139,0,0.553,0.553,0,0,-0.46,0,-0.535,-0.535,0,0,-0.53,0,0,-0.536,-0.52,-0.563,-0.567,0.538,0.538,-0.103,-0.598,0.621,0.621,0,0.398,0.105,0,-0.311
TCGA-15-1449,275,0,404,NA,NA,1,1,0,1,1,1,1,1,1,1,1,-1,-1,-1,-2,-2,-1,0,0,0,0,0,0,0,0,0,-1,1,-1,-1,1,1,1,1,1,1,1,1,-1,0,-1,0.204,0,0,-0.249,-0.249,-0.238,-0.238,0,0,0.138,0.138,1.489,1.489,0,0,0.253,0.253,-0.261,-0.261,-0.234,-0.234,0.639,0.639,-0.273,0,-0.509,0.136,0.136,-0.462,0.158,0.18,0.18,0.816,0.423,0.423,0,0.357
TCGA-19-0955,276,1,358,NA,NA,1,0,0,1,1,1,1,1,1,0,0,0,0,0,-2,-2,-1,0,0,0,0,0,0,0,1,1,0,0,0,0,0,0,0,0,0,0,0,1,-1,1,-1,0,0,0,0,0,0,0,0.493,0.493,0,0,0.477,0.477,0,0,-0.5,0,-0.503,0,0,0,0,0,0,0,0,0,0,0,0,0,0,0.43,0.45,0.45,0,0
TCGA-19-0964,277,1,103,NA,NA,2,0,0,0,0,0,0,0,0,0,0,0,0,0,-2,-2,-1,0,0,0,0,0,0,0,0,0,0,0,0,0,0,0,0,0,0,0,0,0,0,0,-1,0,0,0,0,0,0,0,0,0,0,0,0,0,0,0,0,0,-0.96,-0.96,0,0,0,0,0,0,0,0,0,0,0,0,0,0,0,0,0,-0.955
TCGA-19-1386,278,0,276,0,0,2,0,0,1,1,1,1,1,1,0,0,0,0,0,-2,-2,-1,0,0,0,0,0,0,0,0,0,-1,0,0,0,0,-1,-1,-1,0,0,0,1,0,1,-1,0,0,0,0,0,0,0,0,0,0,0,0.831,0.831,0,0,0,0,-0.908,-0.908,0,0,0,0,0,0,0,0,0,0,0,0,0,0.591,0.795,0.795,0,0
TCGA-19-1387,279,1,181,0,0,1,2,0,1,1,1,1,1,1,-1,-1,-1,-1,-1,-2,-2,-1,0,0,0,0,0,0,0,-1,-1,-1,-1,-1,-1,0,0,0,0,0,0,0,1,0,0,-1,-0.22,0,0,0,0,-0.22,-0.22,-0.232,-0.232,0,0,1.388,1.388,0,0,0,0,-0.853,-0.853,-0.227,-0.227,0,0,-0.291,0,-0.817,0,0,0,0,0,0,0,0,0,0,0.188
TCGA-19-1392,280,0,111,NA,NA,1,0,1,1,1,1,1,1,1,0,0,-1,-1,-1,-1,-1,-1,0,0,0,0,0,0,0,0,0,0,0,-1,-1,-1,-1,-1,-1,-1,-1,-1,1,1,1,-1,0,-0.123,-0.123,0,0,0,0,0,0,-0.389,-0.389,0.967,0.967,0.345,0.345,0.151,0.151,-0.908,-0.908,-0.907,-0.369,0,0,-0.443,0,-0.372,-1.293,0,0,0,0.182,0.182,0.505,0.114,0.114,0.12,-0.338
TCGA-19-2619,281,1,294,0,0,2,1,2,1,2,0,1,1,2,2,2,0,0,0,-2,-2,-1,0,0,0,0,0,0,0,0,0,-1,-1,0,0,0,-1,-1,-1,-1,-1,-1,1,-1,0,-1,0,0,0,0,0,0,0,0,0,0,0,1.173,1.173,0,0,-0.95,-0.95,-1.022,-1.022,0,0,0,0,0,0,0,0,0,0,0,0,-0.61,0,0,0,0,0
TCGA-19-2631,282,0,213,0,0,2,0,0,1,1,1,1,1,1,0,0,0,0,0,-2,-2,-1,0,0,-1,0,0,0,0,0,0,-1,0,0,0,0,-1,-1,0,0,0,0,1,0,0,-1,0,0,0,0,0,0,0,0,0,0,0,0.776,0.776,0,0,0,0,-0.851,-0.851,0,0,0,0,0,0,0,0,0,0,0,0,0,0,0.764,0.764,0,-0.858
TCGA-19-5947,283,0,202,0,0,1,0,0,1,1,1,1,1,1,0,0,0,0,0,-2,-2,-1,-1,-1,-1,-1,-1,-1,-1,0,0,-1,0,-1,-1,-1,-1,-1,-1,-1,-1,-1,1,-1,0,-1,0,0,0,0,0,0,0,0,0,-0.565,-0.565,0.558,0.558,0,0,-0.559,0,-0.56,-0.56,0,0,0,0,-0.556,-0.559,0,0,0,0,0,0,0,0,0,0,0,-0.563
TCGA-19-5950,284,0,523,0,0,2,0,0,1,1,1,1,1,1,0,0,0,0,0,-1,-1,-1,0,0,0,0,0,0,0,0,0,-1,0,0,0,0,0,0,0,0,0,0,1,-1,1,-1,0,0,0,0,0,0,0,0,0,0,0,0.811,0.811,0,0,-1.293,-1.293,-0.865,-0.865,0,0,0,0,0,0,0,0,0,0,0,0,0,0.657,0.776,0.776,0,0
TCGA-19-5951,285,0,244,0,0,2,0,0,0,0,0,0,0,0,0,0,0,0,0,-2,-2,-1,0,0,0,0,0,0,0,0,0,0,0,0,0,0,0,0,0,0,0,0,0,0,1,-1,0,0,0,0,0,0,0,0,0,0,0,0,0,0,0,0,0,-0.908,-0.908,0,0,0,0,0,0,0,0,0,0,0,0,0,0.707,0.786,0.786,0,0
TCGA-19-5952,286,0,575,0,0,2,2,0,1,1,1,1,1,1,0,0,0,0,0,-2,-2,-1,0,0,0,0,0,0,0,0,0,0,0,0,0,0,-1,-1,-1,-1,-1,-1,1,-1,0,-1,0,0,0,0,0,0,0,0,0,0,-0.554,0.558,0.558,0,0,-0.542,0,-0.621,-0.621,0,0,0,0,0,0,0,0,0,0,0,0,0,0,0,0,0,0
TCGA-19-5953,287,0,144,0,0,1,0,0,1,1,1,1,1,1,0,0,0,0,0,-2,-2,-2,0,0,0,0,0,0,0,0,0,0,0,0,0,0,0,0,0,0,0,0,1,0,1,-1,0,0,0,0,0,0,0,0,0,0,0,0.519,0.519,0,0,0,0,-0.533,-0.533,0,0,0,0,0,0,0,-0.263,-0.263,0,0,0,0,0.434,0,0,0,0
TCGA-19-5954,288,0,368,0,0,1,1,0,1,1,1,1,1,1,0,0,0,0,0,-2,-2,-1,0,0,0,0,0,0,0,0,0,0,0,0,0,0,0,0,0,0,0,0,1,0,0,-1,0,0,0,0,0,0,0,-0.805,-0.805,0,0,3.657,3.657,0,0,0,0,-0.827,-0.827,0,0,0,0,0,0,0,0,0,0,0,0,0,0,0.761,0.761,0,0
TCGA-19-5955,289,0,54,0,0,1,0,0,1,1,1,1,1,1,0,0,-1,-1,-1,-2,-2,-1,0,0,0,0,0,0,0,0,0,0,0,-1,-1,0,0,0,0,0,0,0,1,-1,1,-1,0,0,0,0,0,0,0,0,0,0,0,0.353,0.353,0,0,-0.279,0,-0.296,-0.296,0,0,0,0,0,0,-0.3,-0.272,-0.272,0,0,0,0,0.115,0,0,0,0
TCGA-19-5956,290,0,684,NA,NA,0,0,0,0,0,0,0,0,0,0,0,-1,-1,-1,-2,-2,-1,-1,-1,-1,-1,-1,-1,-1,0,0,0,0,0,0,0,-1,-1,-1,0,-1,0,0,0,0,-1,0,-0.402,-0.402,0,0,0,0.391,0,0,0,0,0,0,0,0,0,0,-0.431,0,0,0,0,0,0,-0.417,-0.18,-0.158,-0.158,0,0,0,0,0,0,0,0,-0.894
TCGA-19-5958,291,0,428,0,0,1,0,0,1,1,1,1,1,1,0,0,0,0,0,-2,-2,-1,0,0,0,0,0,0,0,0,0,-1,-1,0,0,0,0,0,0,0,0,0,1,-1,1,0,0,0,0,0,0,0,0,0,0,0,0,0.664,0.664,0,0,-0.734,-0.158,0,0,0,0,0,0,0,0,0,0,0,0,0,0,0,0.454,0.702,0.702,0,-0.508
TCGA-19-5959,292,0,511,0,0,2,0,0,1,1,1,1,1,1,0,0,0,0,0,-1,-1,-1,0,0,0,0,0,0,0,0,0,-1,0,0,0,0,0,0,0,0,0,0,1,-1,1,-1,0,0,0,0,0,0,0,0,0,0,0,0.931,0.793,0,0,-1.293,-1.293,-0.95,-0.95,-0.168,-0.168,0,0,0,0,0,0,0,0,0,0,0,0.687,0.922,0.922,0,0
TCGA-19-5960,293,0,455,0,0,1,0,0,1,1,1,1,1,1,0,0,0,0,0,0,0,-1,-1,-1,-1,-1,-1,-1,-1,0,0,0,0,0,0,-1,-1,-1,-1,-1,2,-1,1,0,0,-1,0,0,0,0,0,0,0,0,0,-0.877,-0.877,0.85,0.85,0,0,0,0,-0.932,-0.932,-0.207,-0.207,-0.891,-0.891,0,-0.924,0,0,0,0,0,-0.931,-0.931,0,0,0,0,-0.923
TCGA-19-A60I,294,1,541,0,0,2,0,0,1,1,1,1,1,1,0,0,0,0,0,0,0,-1,0,0,0,0,0,0,0,0,0,0,0,-1,-1,0,0,0,0,0,0,0,1,0,1,-1,0,0,0,0,0,0,0,0,0,0,0,0.961,0.961,0,0,0,0,-0.915,-0.915,0,0,0,0,-0.92,0,0,0,0,-0.704,0,0,0,0.804,0,0,0,-0.926
TCGA-19-A6J5,295,1,868,0,1,1,0,1,1,1,1,1,1,1,0,0,-1,-1,-1,-1,-1,-1,0,-1,-1,-1,0,-1,-1,0,0,0,0,0,0,0,0,0,0,0,0,0,1,0,2,-1,0,0,0,0,0,0,-0.709,0,0,0,0,0.787,0.787,0,0,0,0.809,-1.293,0,0,0,0,0,0,0,0,0,0,0,0,0,0,0,0,0,0,0
TCGA-26-1438,296,1,305,NA,NA,1,0,0,1,1,1,1,1,1,0,0,-1,-1,-1,0,0,-1,0,0,0,0,-1,0,0,0,0,0,0,-1,-1,0,0,0,0,-1,0,-1,1,0,0,-1,0,0,0,0,0,0,0,0,0,0,0,0.878,0.878,0,0,0,0,-0.221,-0.478,0,0,0,0,0,0,-0.144,0,0,0,0,-0.478,-0.21,0,0,0,0,0
TCGA-26-1439,297,0,422,0,0,2,0,-1,1,1,1,1,1,1,0,0,-1,-1,-1,-2,-2,-1,-1,-1,-1,-1,-1,-1,-1,0,0,0,0,-1,-1,-1,-1,-1,-1,-1,-1,-1,1,-1,0,-1,0,0.1,0.1,-0.245,-0.245,0.125,0.125,0,0,-0.333,-0.333,0.491,0.491,-0.328,-0.328,-0.668,-0.668,-0.744,-0.744,-0.326,-0.326,0,0,-0.25,-0.611,-0.329,0,0,0,0,-0.309,-0.309,0,0.103,0.103,0,0
TCGA-26-1440,298,1,296,NA,NA,2,2,0,1,1,1,1,1,1,1,1,0,0,0,-1,-1,-1,-1,-1,-1,-1,-1,-1,-1,1,1,1,-1,0,0,0,0,0,0,0,0,0,1,0,0,-1,0.634,0,0,0.223,0.223,0,0,0,0,0,0,0.703,0.703,0,0,0,0,-0.783,-0.783,0,0,0,0,0,-0.781,0,0,0,0,0,0,0,0,0.648,0.648,0,0
TCGA-26-1442,299,1,953,0,1,0,0,0,1,1,1,1,1,1,0,0,0,0,0,-1,-1,0,0,0,0,0,0,0,0,0,0,0,0,0,0,0,0,0,0,0,0,0,0,-1,0,0,0,0,0,0,0,0,-0.284,0,0,0,0,0,0.132,0,0,-0.762,0,0,0,0,0,0,0,0,0,0,0,0,-0.774,0,0,0,0,0,0,0,0
TCGA-26-1443,300,1,217,NA,NA,2,0,0,1,1,1,1,1,1,0,0,0,0,0,-2,-2,-1,0,0,0,0,0,0,0,0,0,0,0,0,0,0,-1,-1,-1,-1,-1,-1,1,0,0,-1,0,0,0,0,0,0,0,0,0,0,-0.849,1.636,1.636,0,0,0,0,0,-0.921,0,0,0,0,0,0,0,0,0,0,0,0,0,0,0,0,0,0
TCGA-26-1799,301,0,285,0,0,2,0,0,1,1,1,1,1,1,2,0,0,0,0,-1,-1,-1,0,0,0,0,0,0,0,0,0,0,-1,0,0,0,0,0,0,0,0,0,1,0,1,-2,0,0,0,0,0,0,0,0,0,0,0,0.916,0.916,0,0,0,0,-0.922,-0.922,0,0,0,0,0,0,0,0,0,0,0,0,0,0.76,0.811,0.811,0,0
TCGA-26-5132,302,1,286,0,0,2,0,0,1,1,1,1,1,1,1,1,0,0,0,0,0,-1,0,0,0,0,0,0,0,0,0,1,1,-1,-1,0,0,0,0,0,0,0,1,0,0,-1,0.105,0,0,0,0,0,0,0,0,0,0,0.782,0.782,0,0,0,0,-0.848,-0.848,0,0,-0.84,-0.84,0,0,0,0,0,0,0,0,0,0,0,0,0,-0.836
TCGA-26-5133,303,1,452,0,0,0,0,2,0,0,0,0,0,0,0,2,0,0,0,0,0,-1,-1,-1,-1,-1,-1,-1,-1,-1,-1,0,0,-1,-1,0,0,0,0,0,0,0,0,-1,-1,-1,0,0,0,0,0,0,0,-0.846,-0.846,0,0,0,0,0,0,0,0,-0.81,-0.81,-0.839,0,0,0,-0.648,-0.416,0,0,0,-0.843,0,-0.839,-0.839,0,0,0,0,0
TCGA-26-5134,304,1,167,0,0,0,0,0,0,0,0,0,0,0,0,0,0,0,0,-2,-2,-1,-1,-1,-1,-1,-1,-1,-1,0,0,0,-2,0,0,0,0,0,0,0,0,0,0,0,0,-1,0,0,0,0,0,0,0,0,0,0,0,0,0,0,0,0,0,-0.951,-0.951,0,0,0,0,0,-0.922,0,0,0,0,0,0,0,0,0,0,0,0
TCGA-26-5135,305,0,270,0,0,1,0,0,1,1,1,1,1,1,0,0,0,0,0,0,0,-1,0,0,0,0,0,0,0,0,0,0,0,0,0,0,0,0,0,0,0,0,1,0,0,-1,0,0,0,0,0,0,0,0,0,0,0,0.732,0.732,0,0,0,0,-0.794,-0.794,0,0,0,0,0,0,0,0,0,0,0,0,0,0,0,0,0,0
TCGA-26-5136,306,0,577,0,0,1,0,-1,1,1,1,1,1,1,0,0,0,0,0,1,1,-1,0,0,0,0,0,0,0,0,0,1,0,-1,-1,0,0,0,0,0,0,0,1,1,-1,-1,0,0,0,0,0,0,0,0,0,0,0,0.879,0.879,-0.135,-0.135,0.475,0.475,-0.879,-0.879,0,0,-0.748,-0.748,0.803,0,0,0,0,0,0,0.856,0.856,-0.693,0,0,0,-0.564
TCGA-26-5139,307,1,48,0,0,2,0,0,1,1,1,1,1,1,0,0,0,0,0,-2,-2,-1,0,0,0,0,0,0,0,0,0,0,0,0,0,0,0,0,0,0,0,0,1,0,1,-1,0,0,0,0,0,0,0,0,0,0,0,0.711,0.711,0,0,0,0,-0.772,-0.772,0,0,0,0,0,0,0,0,0,0,0,0,0,0.578,0,0,0,0
TCGA-26-6173,308,1,241,0,0,2,1,0,1,1,1,1,1,1,1,1,0,0,0,0,0,-1,-1,0,0,0,-1,0,0,0,0,-1,1,-1,-1,0,-1,-1,-1,0,-1,0,1,0,0,-2,0.491,0,0,0,0,0,0,0,0,0,0,0.519,0.519,0,0,0,0,0,-0.502,0,0,0,0,-0.519,0,0,0,0,0,0,0,0,0,0.448,0.448,0,-0.133
TCGA-26-6174,309,1,71,0,0,1,0,0,1,1,1,1,1,1,0,0,-1,-1,0,-2,-2,-1,0,0,0,0,0,0,0,0,0,0,0,0,0,-1,0,0,0,0,0,0,1,-1,0,-1,0,0,0,0.137,0.137,0,0,0,0,0,0,0.413,0.413,0,0,-0.118,0.194,-0.152,-0.152,0,0,0,0,0,0,-0.429,0,0,0,0,0,0,0,0,0,0,0
TCGA-26-A7UX,310,1,588,0,0,2,0,0,1,1,1,1,1,1,0,0,0,0,0,-2,-2,-1,0,0,0,0,0,0,0,0,0,0,0,-1,-1,0,0,0,0,0,0,0,1,-1,0,-1,0,0,0,0,0,0,0,0,0,0,0,0.874,0.874,0,0,0,0,-0.978,-0.978,0,0,0,0,0,0,0,0,0,0,0,0,0,0,0,0,0,0
TCGA-27-1830,311,0,154,0,0,1,0,0,1,1,1,1,1,1,0,0,-1,-1,-1,-2,-2,-1,0,0,0,0,0,0,0,0,0,0,0,-1,-1,0,0,0,0,0,0,0,1,0,0,-1,0,0,0,0,0,-0.126,-0.126,0,0,0,0,0.635,0.635,0,0,0,0,-0.62,-0.62,-0.457,-0.457,0,0,-0.654,0,-0.138,0,0,0,0,-0.208,0,0,0,0,0,-0.503
TCGA-27-1831,312,0,505,0,0,1,0,0,1,1,1,1,1,1,0,0,0,0,0,-2,-1,-1,0,0,0,0,0,0,0,0,0,0,0,0,0,1,0,0,0,0,0,0,1,0,0,-1,0,0,0,0,0.162,0,0,0,0,0.159,0,3.657,3.657,0,0,0,0,-0.69,-0.69,0,0,0,0,0,0,0,0,0,0,0,0,0,0,0,0,0,0
TCGA-27-1832,313,0,300,0,0,2,0,0,1,1,1,1,1,1,0,0,0,0,0,-1,-1,-1,-1,-1,-1,-1,-1,-1,-1,0,0,0,0,-1,-1,-1,-1,-1,-1,-1,-1,-1,0,0,0,-2,0,0,0,0,0,0,0,0,0,-0.541,-0.541,1.24,1.24,0,0,0,0,-0.542,-0.542,0,0,0,0,0,-0.273,0,0.113,-0.44,0,0,0,0,0,0,0,0.182,-0.101
TCGA-27-1833,314,0,737,0,0,2,0,0,1,1,1,1,1,1,0,0,0,0,0,-2,-2,-1,0,0,0,0,0,0,0,0,0,-1,0,0,0,0,-1,-1,-1,-1,-1,-1,1,-1,1,-1,0,0,0,0,0,0,0,0,0,0,0,0.916,0.916,0,0,-0.845,0,-0.972,-0.972,0,0,0,0,0,0,0,0,0,0,0,0,0,0.718,0.806,0.806,0,0
TCGA-27-1834,315,0,1233,0,0,1,2,1,1,1,1,1,1,1,0,0,-1,-1,-1,-2,-2,-1,-1,-1,-1,-1,-1,-1,-1,-1,-1,0,0,-1,-1,0,0,0,0,0,0,0,1,1,-1,-1,0,0.128,0.128,0.367,0.367,0,0,-0.301,-0.301,0,0,0.777,0.777,0.34,0.34,0.182,0.182,-0.716,-0.716,0,0,0,0,-0.714,-0.671,-0.561,0,0,0,0,-0.213,-0.213,-0.113,0.102,0.102,0,-0.175
TCGA-27-1835,316,0,648,0,0,1,0,0,1,1,1,1,1,1,0,0,0,0,0,0,0,-1,-1,0,0,0,-1,0,0,-1,0,0,0,0,0,0,0,0,0,0,0,0,1,0,0,-1,0,0,0,0,0,0,0,0,0,0,0,0.809,0.809,0,0,0,0,-0.886,-0.886,0,0,0,0,0,0,0,-0.768,0,-0.076,0.762,0,0,0,0.773,0.773,0,-0.846
TCGA-27-1836,317,0,914,0,0,2,0,0,0,0,0,0,0,0,0,0,0,0,0,-2,-2,-1,0,0,0,0,0,0,0,0,0,0,0,0,0,0,0,0,0,0,0,0,0,-1,0,-2,0,0,0,0,0,0,0,0,0,0,0,0,0,0,0,0,0,-0.749,-0.749,0,0,-0.725,0,0,0,0,0,0,0,0,0,0,0,0,0,0,0
TCGA-27-1837,318,0,427,0,0,2,0,0,1,1,1,1,1,1,0,0,0,0,0,-2,-2,-1,0,0,0,0,0,0,0,0,0,0,0,0,0,0,0,0,0,0,0,0,0,0,0,-1,0,0,0,0,0,-0.823,0,0,0,0,0,0,0.739,0,0,0,0,-0.824,-0.824,0,0,0,0,0,0,0,0,0,0,0,0,0,0,0,0,0,0
TCGA-27-1838,319,0,350,0,0,2,0,0,1,1,1,1,1,1,0,0,0,0,0,1,1,-1,0,0,0,0,0,0,0,0,0,0,0,0,0,0,0,0,0,0,0,0,1,1,0,-1,0,0,0,0,0,-0.137,-0.137,0,0,0,0,1.597,1.597,0,0,0.812,0.812,-0.869,-0.869,0,0,0.571,0.571,0,0,0,0,0,0,0,-0.27,-0.885,0,0,0,0,0
TCGA-27-2518,320,0,753,0,0,2,2,0,1,1,1,1,1,1,0,0,1,0,1,0,0,-1,0,0,0,0,0,0,0,0,0,0,0,0,0,0,-1,-1,0,0,0,0,1,0,1,-1,0,0,0,0,0,0,0,0,0,0,0,0.683,0.683,0,0,0,0,-0.706,-0.706,0,0,0,0,0,0,0,0,0,0,0,0,0,0.599,0,0,0,0
TCGA-27-2519,321,0,550,0,0,1,0,0,1,1,1,1,1,1,0,0,-1,-1,-1,0,0,-1,-1,-1,-1,-1,-1,-1,-1,0,0,0,0,-1,-2,0,0,0,0,0,0,0,1,0,0,-1,0,0,0,0,0,0,0,0,0,0,0,0.647,0.647,0,0,0,0,-0.685,-0.685,0,0,0,0,-0.691,-0.672,-0.667,0,0,0,0,0,0,-0.633,0.717,0.717,0,-0.661
TCGA-27-2521,322,0,510,0,1,0,0,2,1,1,1,1,1,1,0,0,0,0,0,-2,-2,-1,0,0,0,0,0,0,0,-1,-1,-1,-1,-1,-1,-1,0,0,0,0,0,0,-1,-1,1,-1,0,0,0,0.109,0.109,0,0,-0.189,-0.189,0,0,0,0.134,0.008,0.008,-0.644,-0.644,-0.176,-0.176,0.122,0.122,0,0,-0.243,0,0,-0.464,-0.464,0.161,0.161,0.133,0.133,0.148,-0.136,0.146,-0.877,0.168
TCGA-27-2523,323,0,489,0,0,2,0,0,1,1,1,1,1,1,0,0,0,0,0,-2,-2,-1,0,0,0,0,0,0,0,0,0,0,0,0,0,0,0,0,0,0,0,0,1,-1,1,-1,0,0,0,0,0,0,0,0,0,0,0,0.82,0.82,0,0,0,0,-0.859,0,0,0,0,0,0,0,0,0,0,0,0,0,0,0,0.809,0.809,0,-0.886
TCGA-27-2524,324,0,231,0,0,1,1,0,1,1,1,1,1,1,1,1,-1,-1,-1,-2,-2,-1,0,0,0,0,0,0,0,0,0,-1,0,-1,-1,-1,-1,-1,-1,-1,-1,-1,1,-1,1,-1,0,0,0,0,0,0,0,0,0,-0.789,-0.789,0.767,0.767,-0.75,0,0,0,-0.778,-0.778,0,0,0,0,0,0,-0.652,-0.652,-0.652,0,0,0,0,0.583,0,0,0,0
TCGA-27-2526,325,0,87,0,0,2,0,0,1,1,1,1,1,1,0,0,1,0,0,-1,-1,-1,0,0,0,0,0,0,0,0,0,0,0,0,0,0,0,-1,-1,-1,-1,-1,1,-1,0,-1,0,0,0,0,0,0,0,0,0,0,0,1.557,1.557,0,0,-0.816,0,0,-0.844,0.78,0,0,0,0,0,0,0,0,0,0,0,0,0,0.761,0.761,0.791,0
TCGA-27-2527,326,0,438,0,0,1,0,0,0,0,0,0,0,0,0,0,0,0,0,-2,-2,-1,-1,-1,-1,-1,-1,-1,-1,0,0,0,-2,0,0,0,-2,0,0,0,0,0,1,0,0,-1,0,0,0,0,0,0,0,0,0,0,0,0.235,0,0,0,0,0,-0.392,-0.392,0,0,0,0,0,-0.394,0,0,0,0,0,0,0,0,0.116,0.116,0.385,-0.374
TCGA-27-2528,327,0,480,0,0,2,1,0,0,0,0,2,0,0,0,0,0,0,0,-2,-2,-1,0,0,0,0,0,0,0,0,0,0,0,0,0,0,0,0,0,0,0,0,1,0,1,-1,0,0,0,0,0,0,0,0,0,0,0,0,0,0,0,0,0,-0.837,-0.837,0,0,0,0,0,0,0,0,0,0,0,0,0,0.712,0.768,0.768,0,0
TCGA-28-1746,328,1,6,0,0,1,0,1,1,1,1,1,1,1,0,0,-1,-1,-1,0,0,-1,0,0,0,0,0,0,0,0,0,0,0,-1,0,0,0,0,0,0,0,0,1,0,1,-1,0,0,0,0,0,0,0,0,0,0,0,1.473,1.473,1.273,1.273,0,0,-0.89,-0.89,0,0,0,0,-0.107,0,-0.791,0,0,0.107,0.107,0,0,0,0,0,0,-0.841
TCGA-28-1749,329,1,280,0,0,2,0,0,1,1,1,1,1,1,0,0,0,0,0,-2,-2,-1,0,0,0,0,0,0,0,0,0,0,0,0,0,0,-1,-1,0,0,0,0,1,0,1,-1,0,0,0,0,0,0,0,0,0,0,0,0.866,0.866,0,0,0,0,-0.933,-0.933,0,0,0,0,0,0,0,0,0,0,0,0,0,0.672,0.797,0.797,0,0
TCGA-28-1750,330,1,254,0,0,1,2,-1,1,1,1,1,1,1,0,0,-1,-1,-1,-2,-2,-1,-1,-1,-1,-1,-1,-1,-1,0,0,-1,0,-1,-1,-1,-1,-1,-1,-1,-1,-1,1,-1,0,-1,0,0,0,0,0,0,0,0,0,-0.507,-0.507,0.848,0.848,-0.352,-0.352,-0.482,-0.097,-0.498,-0.498,0,0,0,0,-0.499,-0.488,-0.333,-0.49,-0.49,0,0,-0.32,-0.32,0,-0.329,-0.329,0,0
TCGA-28-1751,331,1,232,0,0,1,0,0,2,1,1,1,1,1,0,0,0,0,0,-2,-2,-1,0,0,0,0,0,0,0,0,0,0,0,0,0,0,0,0,0,0,0,0,1,-1,1,-1,0,0,0,0,0,0,0,0,0,0,0,0.415,0.415,0,0,0.001,0.423,-0.429,-0.429,0,0,0,0,0,0,0,0,0,0,0,0,0,0.324,0.396,0.396,0,0
TCGA-28-1752,332,1,258,0,0,2,2,0,1,1,1,1,1,1,1,1,0,0,0,0,0,-1,0,0,0,0,0,0,0,0,0,-1,1,-1,-1,0,0,0,0,0,0,0,1,0,1,-2,0.101,0,0,-0.544,-0.544,0,0,0,0,0,0,0.528,0.528,0,0,0,0,-0.546,-0.546,0,0,0,0,-0.488,0,0,0,0,0,0,0,0,0.462,0,0,0,-0.554
TCGA-28-1755,333,0,47,0,0,2,0,0,1,1,1,1,1,1,0,0,0,0,0,-2,-2,-1,0,0,0,0,0,0,0,0,0,0,0,0,0,0,0,0,0,0,0,0,1,0,0,-1,0,0,0,0,0,0,0,-0.917,0,0,0,0.9,0.9,0,0,0,0,0,-0.922,0,0,0,0,0,0,0,0,-0.894,0,0,0,0,0,0,0,0,0
TCGA-28-1757,334,1,4,0,0,2,0,0,1,1,1,1,1,1,0,0,0,0,0,-2,-2,-1,0,0,0,0,0,0,0,0,0,0,0,0,0,-1,0,0,0,0,0,0,1,0,0,-1,0,0,0,0,0,0,0,0,0,0,0,1.338,1.338,0,0,-0.696,-0.696,-0.74,-0.74,0,0,0,0,0,0,0,0,0,0,0,0,0,0,0,0,0,0
TCGA-28-1760,335,1,143,NA,NA,,,,,,,,,,,,,,,,,,,,,,,,,,,,,,,,,,,,,,,,,,,,,,,,,,,,,,,,,,,,,,,,,,,,,,,,,,,,,,
TCGA-41-2572,336,0,406,0,0,2,0,0,1,1,1,1,1,1,0,0,0,0,0,-1,-1,-1,0,0,0,0,0,0,0,-1,-1,-1,0,0,0,0,-1,-1,-1,-1,-1,-1,1,-1,1,-1,0,0,0,0,0,0,0,0,0,0,0,0.816,0.816,0,0,-1.293,-1.293,-0.88,-0.88,0,0,0,0,0,0,0,0,0,0,0,0,0,0.633,0.719,0.719,0,0
TCGA-41-2573,337,1,272,0,0,1,1,1,2,2,2,2,2,2,0,0,-1,-1,-1,-1,-1,-1,-1,-1,-1,-1,-1,-1,-1,0,0,0,0,-1,-1,0,0,0,0,0,0,0,1,-1,0,-1,0,0,0,0,0,0,0,0,0,0,0,0.878,0.878,0.565,0.565,-0.571,0.619,-0.593,-0.593,0,0,0,0,-0.526,-0.563,-0.573,0.571,0.571,-0.595,0,0.582,0.582,0,0,0,0,-0.595
TCGA-41-2575,338,0,290,0,0,2,0,0,1,1,1,1,1,1,0,0,1,1,1,-1,-1,-1,-1,-1,-1,-1,-1,-1,-1,0,0,-1,0,0,0,0,-1,-1,0,-1,0,-1,1,-1,1,-1,0,0,0,0,0,0,0,0,0,0,0,1.13,1.13,0,0,0,0,-1.293,-1.293,0,0,0,0,0,-1.049,0.103,0,0,0.112,0.112,0,0.938,0.102,0.262,0.262,1.15,-1.087
TCGA-41-3392,339,0,30,0,0,2,1,0,1,1,1,1,1,1,0,0,0,0,0,-2,-2,-1,-1,-1,-1,-1,-1,-1,-1,0,0,0,0,-1,-1,0,-1,-1,-1,-1,-1,-1,1,-1,0,-1,0,0,0,0,0,0,0,0,0,0,-0.947,0.239,2.227,0,0,-0.857,0,-0.963,-0.963,0,0,0,0,-0.936,-0.217,0,0,0,-0.97,-0.97,-0.194,-0.194,0,0,0,-0.235,0
TCGA-41-3393,340,0,135,0,0,2,0,0,1,1,1,1,1,1,0,0,0,0,0,-2,-2,-1,0,0,0,0,0,0,0,0,0,-1,0,0,0,0,0,0,0,0,0,0,1,-1,1,-1,0,0,0,0,0,0,0,0,0,0,0,0.689,0.689,0,0,-0.699,0,-0.727,-0.727,0,0,0,0,0,0,0,0,0,0,0,0,0,0.553,0.667,0.667,0,0
TCGA-41-3915,341,0,360,0,0,1,0,0,1,1,1,1,1,1,0,0,-1,-1,-1,1,1,-1,0,0,0,0,0,0,0,0,0,0,0,-1,-2,0,0,0,0,0,0,0,1,1,1,-1,0,0,0,0.332,0.332,0.268,0,0,0,0,0,0.339,0.339,-0.55,-0.247,0.385,0.385,-0.418,-0.418,-0.309,-0.309,0,0,-0.593,0,-0.411,-0.113,-0.113,-0.147,0.395,0.346,0.346,0.229,0,0,0.514,-0.571
TCGA-41-4097,342,0,6,0,0,0,0,1,0,0,0,0,0,0,0,0,1,1,1,-2,-2,-1,-1,-1,-1,-1,-1,-1,-1,-1,-1,-1,-2,-1,-1,-1,-1,-1,-1,-1,-1,-1,0,-1,0,-1,-0.103,0,0,0.131,0.131,0.103,0.103,0,0,-0.412,-0.412,0,0,0.189,0.189,-0.354,0,-0.415,-0.415,0,0,0,0,-0.408,-0.409,0.199,0,0,0.232,0.232,0,0,0,0,0,0,-0.402
TCGA-41-5651,343,0,460,0,0,1,1,1,1,1,1,1,1,1,1,1,-1,-1,-1,0,0,-1,0,0,0,0,0,0,0,-1,-1,0,0,0,0,-1,-1,-1,-1,-1,-1,-1,1,0,1,-1,0.418,0,0,0,0,0,0,-0.127,-0.127,-0.136,-0.136,0.783,0.783,1.156,1.156,0,0,-0.967,-0.967,0,0,0,0,0,0,-0.934,0,0,-0.155,-0.155,0,0,0.901,0.836,0.836,0,0
TCGA-4W-AA9S,344,1,44,0,0,1,1,0,1,1,1,1,1,1,0,0,-1,-1,-1,-2,-2,-1,0,0,0,0,0,0,0,0,0,-1,0,-1,-1,0,0,0,0,0,0,0,1,0,0,-1,0,0,0,0,0,0,0,0,0,0,0,0.743,0.743,0,0,0,0,-0.813,-0.813,0,0,0,0,-0.785,0,-0.171,0,0,-0.494,0,-0.32,-0.32,0.169,0.503,0.503,0.488,-0.771
TCGA-4W-AA9T,345,1,778,0,0,2,0,0,1,1,1,1,1,1,0,0,0,0,0,-2,-2,-1,0,0,0,0,-1,0,0,0,0,0,0,0,0,0,-1,-1,-1,-1,-1,-1,1,0,1,-1,0,0,0,0,0,0,0,0,0,0,-0.531,0.508,0.508,0,0,0,0,-0.538,-0.538,0,0,0,0,0,0,0,0,0,0,0,0,0,0.38,0,0,0,0
TCGA-81-5910,346,0,49,0,0,2,0,0,1,1,1,1,1,1,0,0,0,0,0,-2,-2,-1,0,0,0,0,0,0,0,0,0,-1,0,0,0,0,0,0,0,0,0,0,1,0,2,-1,0,0,0,0,0,0,0,0,0,0,0,0.821,0.821,0,0,0,0,-0.896,-0.896,0,-0.823,0,0,0,0,0,0,0,0,0,0,0,0,0,0,0,0
TCGA-81-5911,347,1,539,0,0,2,0,0,1,1,1,1,1,1,0,0,0,0,0,0,0,-1,0,0,0,0,0,0,0,0,0,0,0,-1,-1,0,-1,-1,-1,0,-1,0,1,0,1,-1,0,0,0,0,0,0,0,0,0,0.59,0.59,0.773,0.773,0,0,0,0,-0.78,-0.78,0,0,0,0,-0.774,0,0,0,0,0,0,-0.105,-0.105,0.538,0,0,0,0
TCGA-87-5896,348,1,800,0,0,2,0,0,1,1,1,1,1,1,0,0,0,0,0,-2,-2,-1,0,0,0,0,0,0,0,0,0,-1,0,0,0,0,0,0,0,0,0,0,1,0,1,-1,0,0,0,0,0,0,0,0,0,0,0,0.817,0.817,0,0,0,0,-0.888,-0.888,0,0,0,0,0,0,0,0,0,0,0,0,0,0.007,0,0,0,-0.842
TCGA-CS-4938,349,1,3574,0,1,0,0,0,1,1,1,1,1,1,0,0,0,0,0,0,0,0,-1,-1,-1,-1,-1,-1,-1,0,0,0,0,0,0,0,0,0,0,0,0,0,0,0,0,0,0,0,0,0,0,0,0,0,0,0,0,0,0,0,0,0,0,0,0,0,0,0,0,0,-0.778,0,0,0,0,0,0.772,0,0,0,0.745,0,0
TCGA-CS-4941,350,0,234,0,0,2,1,0,1,1,1,1,1,1,1,1,0,0,0,0,0,-1,-1,-1,-1,-1,-1,-1,-1,0,0,1,1,0,0,0,0,0,0,0,0,0,1,0,0,-1,0.446,0,0,0,0,0,0,0,0,0,0,0.573,0.573,0,0,0,0,-0.584,-0.584,0,0,0,0,0,-0.585,0,0,0,0,0,0,0,0,0,0,0,0
TCGA-CS-4942,351,0,1335,0,1,1,0,0,1,1,1,1,1,1,0,0,0,0,0,0,0,0,-1,-1,-1,-1,-1,-1,-1,0,0,0,0,0,0,1,0,0,0,0,0,0,1,0,0,0,0,0,0,0,0,0,0,0,0,0,0,0.701,0.701,0,0,0,0,0,0,0,0,0,0,0,-0.725,0,0,0,0,0,0,0,-0.693,0,0,0,0
TCGA-CS-4943,352,0,1106,0,1,0,0,1,0,0,0,0,0,0,0,0,1,0,1,-2,-2,0,0,0,0,0,0,0,0,0,0,0,0,-1,-1,0,0,0,0,0,0,0,0,-1,0,0,0,0,0,0,0,0,-0.859,-0.513,0,0,0,0,0,0,0,-0.838,0,0,0,0,0,0,0,-0.237,0,0.448,0,0,0,0,0.257,0.831,0,0,0,-0.106,-0.87
TCGA-CS-4944,353,1,1828,0,1,0,0,0,0,0,0,0,0,0,0,0,0,0,0,0,0,0,0,0,0,0,-1,0,0,0,0,0,0,0,0,0,-1,-1,-1,-1,-1,-1,0,0,0,0,0,0,0,0,0,0,0,0,0,0,-0.68,0,0,0,0,0,0,0,0,0,0,0,0,0,0,0,0,0,0,0,0,0,0,0,0,0,0
TCGA-CS-5393,354,1,1222,0,1,2,0,1,0,0,0,0,0,0,0,0,0,0,0,-1,-1,0,0,0,0,0,0,0,0,0,0,0,0,0,0,0,0,0,0,0,0,0,-1,-1,0,0,0,0,0,0,0,0,0,0,0,0,0,1.096,-0.678,0,0,-0.517,0,1.252,1.252,0,0,0,0,0,0,0,0,0,0,0,0,0,0,0,0,0,0
TCGA-CS-5394,355,1,8,0,1,0,0,0,0,0,0,0,0,0,0,0,0,0,0,0,0,0,0,0,0,0,0,0,0,0,0,-1,-1,0,0,0,0,0,0,0,0,0,0,0,0,0,0,0,0,0,0,0,0,0,0,0,0,0,0,0,0,0,0,0,0,0,0,0,0,0,0,0,0,0,0,0,0,0,0,0,0,0,0
TCGA-CS-5395,356,0,639,0,0,1,2,0,1,1,1,1,1,1,0,0,0,0,0,-2,-2,-1,0,0,0,0,0,0,0,0,0,0,0,0,0,0,0,0,0,0,0,0,1,-1,1,-1,0,0,0,0,0,0,0,0,0,0,0,0.809,0.809,0,0,-0.804,0,-0.821,-0.821,0,0,0,0,0,0,0,0,0,0,0,0,0,0.628,0.752,0.752,0,0
TCGA-CS-5396,357,1,1631,1,1,1,0,0,1,1,1,1,1,1,0,0,0,0,0,-1,-1,0,0,0,0,0,0,0,0,0,0,-1,-1,0,0,0,0,0,0,0,0,0,1,-1,0,0,-0.836,0,0,0,0,0,0,0,0,0,0,0.168,0.168,0,0,0.049,0.22,0,0,0.776,0.776,0,0,0,0,0,0,0,0,0,-0.855,-0.855,0.1,0,0,0,0
TCGA-CS-5397,358,0,194,0,0,1,1,0,1,1,1,1,1,1,0,0,0,0,0,-2,-2,-1,0,0,0,0,0,0,0,0,0,0,0,0,0,-1,-1,-1,-1,-1,-1,-1,0,-1,0,-1,0,0,0,0,0,0,0,0,0,-0.55,-0.55,0.564,0.564,0,0,-0.605,-0.239,-0.607,-0.607,0,0,0,0,0,0,0,0.151,0.151,0,0,0,0,0,0.548,0.548,0,-0.601
TCGA-CS-6186,359,0,538,0,0,1,0,0,1,1,1,1,1,1,0,0,0,0,0,-2,-2,-1,0,0,0,0,0,0,0,0,0,0,0,0,0,0,0,0,0,-1,0,-1,1,0,1,-1,0,-0.112,0,0,0,0,0,0,0,0,0,0.754,0.754,0,0,0,0,-0.861,-0.861,0,0,0,0,0,0,0,0,0,0,0,0,0,0.756,0,0.73,0,-0.766
TCGA-CS-6188,360,0,814,0,0,2,0,0,1,1,1,1,1,1,0,0,0,0,0,-2,-2,-1,0,0,0,0,0,0,0,0,0,0,0,0,0,0,0,0,0,0,0,0,0,-1,1,-1,0,0,0,0,0,0,0,0,0,0,0,0,0.579,0,0,-0.174,-0.174,-0.638,-0.638,0,0,0,0,0,0,0,0,0,0,0,0,0,0.413,0.563,0.563,0,0
TCGA-CS-6290,361,0,1137,0,1,0,0,2,0,0,0,0,0,0,0,0,0,0,0,0,0,0,0,0,0,0,0,0,0,0,0,0,0,-1,-1,0,0,0,0,0,0,0,0,0,0,0,0,0,0,0,0,0,0,0,0,0,0,0,0,0,0.152,0,0,0,0,0,0,0,0,-0.146,0,0,0,0,0,0,0,0,0,0,0,0,0
TCGA-CS-6665,362,1,1568,0,1,1,1,1,1,1,1,1,1,1,1,1,0,0,0,1,1,-1,1,1,1,1,1,1,1,-1,-1,1,1,0,0,1,1,1,1,1,1,1,1,1,0,-1,0.327,0,0,0,0,0.368,0,0,-0.394,0.388,0.388,0.368,0.368,0.378,0.378,0.357,0.357,0.28,-0.478,-0.423,0,-0.457,-0.457,0,0.325,0,0,0,0.297,0.297,0,0,0,0.349,0.349,0,0.327
TCGA-CS-6666,363,1,1428,0,1,0,0,2,0,0,0,0,0,0,0,0,1,1,1,-1,-1,0,0,0,0,0,0,0,0,-2,-2,0,0,-1,-1,-1,-1,-1,-1,-1,-1,-1,0,-1,0,0,0,-0.124,-0.124,-0.232,-0.232,0.528,0,0,0,-0.219,-0.219,0,0,0.322,1.902,-0.248,-0.248,0,0,0.349,0,0,0,-0.249,0,0,0,0,0,0,0,0,0,0,0,0,0
TCGA-CS-6667,364,1,1469,0,1,0,0,0,0,0,0,0,0,0,0,0,0,0,0,0,0,0,0,0,0,0,0,0,0,0,0,0,0,0,0,0,0,0,0,0,0,0,0,0,0,0,0,0,0,0,0,0,0,0,0,0,0,0,0,0,0,0,0,0.773,0,0,0,0,0,0,0,0,0,0,0,0,0,0,0,0,0,0,0
TCGA-CS-6668,365,1,1519,1,1,0,0,0,0,0,0,0,0,0,0,0,0,0,0,0,0,0,-1,-1,-1,-1,-1,-1,-1,0,0,-1,-1,0,0,0,0,0,0,0,0,0,0,0,1,0,0,0,0,0.831,0,0,0,0,0,0,0,0,0,0,0,0,0,0,0,0,0,0,0,0,-0.892,0,0,0,0,0,0,0,-0.703,0,0,0,0.116
TCGA-CS-6669,366,1,1494,0,0,0,0,0,0,0,0,0,0,0,0,0,0,0,0,0,0,0,0,0,0,0,0,0,0,0,0,0,0,0,0,0,0,0,0,0,0,0,0,0,0,0,0,0,0,0,0,0,0,0,0,0,0,0,0,0,0,0,0,0,0,0,0,0,0,0,0,0,0,0,0,0,0,0,0,0,0,0,0
TCGA-CS-6670,367,1,1426,1,1,1,0,0,1,1,1,1,1,1,0,0,0,0,0,-1,-1,0,0,0,0,0,0,0,0,0,0,-1,-1,-1,-1,0,0,0,0,0,0,0,1,-1,0,0,0,0,0,0,0,0,0,0,0,0,0,0.116,0.116,0,0,-0.127,0,0,0,0,0,0,0,-0.196,0,0,0,0,0,0,0,0,0,0,0,0,0
TCGA-DB-5270,368,1,3733,0,1,1,0,0,1,1,1,1,1,1,0,0,0,0,0,0,0,0,0,0,0,0,0,0,0,0,0,0,0,0,0,0,0,0,0,0,0,0,1,0,0,0,0,0,0,0,0,0,0,0,0,0,0,0.522,0.522,0,0,0,0,0,0,0,0,0,0,0,0,0,0,0,0,0,0,0,0,0,0,0,0
TCGA-DB-5273,369,1,2493,0,1,0,0,0,0,0,0,0,0,0,0,0,0,0,0,0,0,0,0,0,0,0,0,0,0,0,0,0,0,0,0,0,0,0,0,0,0,0,0,0,0,0,0,0,0,0,0,0,0,0,0,0,0,0,0,0,0,0,0,0,0,0,0,0.924,0,0,0,0,0,0,0,0,0,0,0,0,0,0,0
TCGA-DB-5274,370,1,2289,1,1,0,0,0,0,0,0,0,0,0,0,0,-1,-1,-1,0,0,0,0,0,0,0,0,0,0,0,0,-1,-1,0,0,0,0,0,0,0,0,0,0,0,1,0,0,0.254,0.254,0,0,-0.324,-0.324,0,0,0,0,0,0,0,0,0,0,0,0,0,0,0,0,0,0,-0.287,0,0,0,0,0,0,0.124,0,0,0,0
TCGA-DB-5275,371,1,1458,0,1,0,0,0,0,0,0,0,0,0,0,0,0,0,0,-1,-1,0,0,0,0,0,0,0,0,0,0,-1,0,-1,-1,0,0,0,0,0,0,0,0,0,0,0,0,0,0,0,0,-0.671,-0.671,-0.706,0,0,0,0,0,0,0,0,0,0,0,0,0,0.842,-0.118,-0.832,0,0,0,0,0,0,-0.369,-0.369,0,0,0,0,0
TCGA-DB-5276,372,1,2218,0,1,0,0,0,0,0,0,0,0,0,0,0,0,0,0,0,0,0,0,0,0,0,0,0,0,-1,-1,0,0,0,0,0,0,0,0,0,0,0,0,0,0,0,0,0,0,0,0,0,0,-0.141,-0.141,0,0,0,0,0,0,0,0,0,0,0,0,0,0,0,0,0,0,0,0,0,0,0,0,0,0,0,0
TCGA-DB-5277,373,0,1547,0,1,0,1,2,0,0,0,0,0,0,0,0,1,1,1,-1,-1,-1,0,0,0,0,-1,0,0,-1,-1,0,0,-1,-1,-1,1,1,1,1,1,1,1,-1,-1,-1,0,0,-0.312,-0.776,-0.776,-0.56,-0.56,-0.107,-0.107,0.051,0.171,0,0,-0.75,1.203,-0.831,-0.133,0.854,0.021,-0.827,0.261,0,-0.774,-0.837,0,0,-0.401,-0.208,0,0,0.821,0.108,-0.413,-0.459,0,0.204,-0.825
TCGA-DB-5278,374,1,2772,1,1,0,0,0,0,0,0,0,0,0,0,0,0,0,0,0,0,0,0,0,0,0,0,0,0,0,0,-1,-1,0,0,0,0,0,0,0,0,0,0,0,1,0,0,0,0,0,0,0,0,0,0,0,0,0,0,0,0,0,0,0,0,0,0,0,0,0,0,0,0,0,0,0,0,0,0.106,0,0,0,0
TCGA-DB-5279,375,1,1354,1,1,0,0,0,0,0,0,0,0,0,0,0,-1,-1,-1,-1,-1,-1,-1,-1,-1,-1,-1,-1,-1,0,0,-1,-1,0,0,0,0,0,0,0,0,0,0,-1,0,-1,-0.899,0,0,0,0,-0.449,-0.449,0,0,0,0,0,0,0,0,-0.424,-0.424,-0.43,-0.43,0,0,-0.436,-0.436,0,-0.427,-0.404,0,0,0,0,-0.889,-0.889,0,0,0,-0.423,0
TCGA-DB-5280,376,1,1112,0,1,0,0,0,0,0,0,0,0,0,0,0,0,0,0,0,0,0,0,0,0,0,0,0,0,0,0,0,0,0,0,0,-1,-1,-1,-1,-1,-1,0,0,0,0,0,0,0,0,0,0,0,0,0,0,-0.797,0,0,0,0,0,0,0,0,0,0,0,0,0,0,0,0,0,0,0,0,0,0,0,0,0,0
TCGA-DB-5281,377,1,2381,0,1,0,0,1,1,1,0,1,1,1,0,0,-1,-1,-1,-1,-1,0,0,0,0,0,0,0,0,1,-1,0,0,0,0,0,0,0,0,0,0,0,0,-1,0,0,0,0,0,0,-0.384,0,0,-0.365,-0.365,0,0,0,0,0.42,0.42,-0.81,0,0,0,0,0,0,0,0,0,0,-0.395,-0.395,0,0,0,0,0,0,0,0,0
TCGA-DB-A4X9,378,1,1412,0,1,1,0,0,1,1,1,1,1,1,0,0,0,0,0,0,0,0,0,0,0,0,0,0,0,0,0,0,0,0,0,0,0,0,0,0,0,0,1,0,0,0,0,0,0,0,0,0,0,0,0,0,0,0.867,0.867,0,0,0,0,0,0,0.865,0.865,0,0,0,0,0,0,0,0,0,0,0,0,0,0,0,0
TCGA-DB-A4XA,379,1,573,1,1,0,0,0,0,0,0,0,0,0,0,0,-1,-1,-1,0,0,0,-1,-1,-1,-1,-1,-1,-1,0,0,-1,-1,-1,-1,0,0,0,0,0,0,0,0,0,0,0,0,0,0,0,0,-0.333,-0.333,0,0,0,0,0,0,0,0,0,0,0,0,0,0,0,0,-0.109,-0.148,-0.312,0,0,0,0,0,0,0,0,0,0,0
TCGA-DB-A4XB,380,1,919,0,1,0,0,2,1,1,1,1,1,1,0,0,0,0,0,-1,-1,0,0,0,0,0,0,0,0,0,0,0,0,0,0,0,0,0,0,0,0,0,0,-1,0,0,0,0,0,0,0,0,0,0,0,0,0,0,0.151,0,0,-0.863,0,0,0,0,0,0,0,0,0,0,0,0,0,0,0,0,0,0,0,0,0
TCGA-DB-A4XC,381,1,1421,0,1,0,0,0,0,0,0,0,0,0,0,0,0,0,0,-1,-1,0,0,0,0,0,0,0,0,0,0,0,0,0,0,0,0,0,0,0,0,0,0,-1,0,0,0,0,0,0,0,0,0,0,0,0,0,0,0,0,0,-0.545,0,0,0,0,0,0,0,0,0,0,0,0,0,0,0,0,0,0,0,0,0
TCGA-DB-A4XD,382,1,1210,0,1,0,0,1,1,1,1,1,1,1,0,0,0,0,0,0,0,0,0,0,0,0,0,0,0,0,0,0,0,0,0,0,0,0,0,0,0,0,0,0,1,0,0,0,0,0,0,0,0,0,0,0,0,0,0,0,0,0,0,0,0,0,0,0,0,0,0,0,0,0,0,0,-0.109,-0.109,0.476,0,0,0,0
TCGA-DB-A4XE,383,1,1139,0,1,1,0,1,1,1,1,1,1,1,0,0,0,0,0,1,1,0,0,0,0,0,0,0,0,0,0,0,0,-1,-1,0,0,0,0,0,0,0,1,1,0,0,0,0,0,0,0,0,-0.443,-0.116,0,0,0,0.858,0.858,0,0,0.68,0.68,0,0,0,0,0.429,0,-0.113,0,0,0,0,0,0,0,0,0,0,0,0,0
TCGA-DB-A4XF,384,1,1021,0,1,0,0,0,0,0,0,0,0,0,0,0,0,0,0,-1,-1,-1,0,0,0,0,0,0,0,0,0,0,0,0,0,-1,-1,-1,-1,-1,0,-1,0,-1,0,-1,0,0,0,0,0,0,0,0,0,-0.893,-0.893,0,0,0,0,-0.393,0,0,0,0,0,0,0,0,0,0,0,0,0,0,0,0,0,0,0,0,0
TCGA-DB-A4XG,385,1,2219,1,1,0,0,0,0,0,0,0,0,0,0,0,0,0,0,0,0,0,0,0,0,0,0,0,0,0,0,-1,-1,0,0,0,0,0,0,0,0,0,0,0,1,0,0,0,0,0,0,0,0,0,0,0,0,0,0,0,0,0,0,0,0,0,0,0,0,0,0,0,0,0,0,0,-0.466,-0.466,0.115,0,0,0,0
TCGA-DB-A4XH,386,1,962,1,1,0,0,0,0,0,0,0,0,0,0,0,-1,-1,-1,-1,-1,0,0,0,0,0,0,0,0,-1,-1,-1,-1,0,0,-1,-1,-1,-1,-1,-1,-1,0,-1,0,0,0,0,0,0,0,-0.343,-0.343,-0.348,-0.348,-0.338,-0.338,0,0,0,0,-0.163,-0.163,0,0,0,0,-0.338,-0.338,0,0,-0.362,0.173,0.173,0,0,-0.376,-0.376,0,0,0,0,0
TCGA-DB-A64L,387,1,736,1,1,0,1,0,0,0,0,0,0,0,1,1,0,0,0,-1,-1,-1,-1,-1,-1,-1,-1,-1,-1,0,0,-2,-2,0,0,0,0,0,0,0,0,0,0,-1,1,-1,0.241,0,0,0,0,0,0,0,0,0,0,0,0,0,0,-0.295,-0.295,-0.209,-0.209,0.212,0.346,0,0,0,-0.313,0,0,0,0,0,-0.306,-0.306,0.101,0,0,0,-0.235
TCGA-DB-A64O,388,0,775,0,0,1,0,0,1,1,1,1,1,1,0,0,0,0,0,0,0,-1,-1,-1,-1,-1,-1,-1,-1,0,0,-1,-1,0,0,-1,-1,-1,-1,-1,-1,-1,1,0,0,-2,0,0,0,0,0,0,0,0,0,-0.539,-0.539,0.492,0.492,0,0,0,0,-0.519,-0.519,0,0,0,0,0,-0.534,0,0,0,0,0,0,0,0,0,0,0,-0.524
TCGA-DB-A64P,389,1,916,1,1,0,0,0,0,0,0,0,0,0,0,0,0,0,0,0,0,0,0,0,0,0,0,0,0,0,0,-1,-1,0,0,0,0,0,0,0,0,0,0,0,1,0,0,0,0,0,0,0,0,0,0,0,0,0,0,0,0,0,0,0,0,0,0,0.74,0,0,0,0,0,0,0.102,0.102,0,0,0.113,0,0,0,0
TCGA-DB-A64Q,390,1,182,1,1,0,0,0,0,0,0,0,0,0,0,0,0,0,0,0,0,0,0,0,0,0,0,0,0,0,0,-1,-1,0,0,0,0,0,0,0,0,0,0,-1,0,0,0,0,0,0,0,0,0,0,0,0,0,0,0,0,0,0,0,0,0,0,0.777,0,0,0,0,0,0,0,0,0.85,0,0,0,0,0,0,0
TCGA-DB-A64R,391,1,955,1,1,0,0,0,0,0,0,0,0,0,0,0,0,0,0,0,0,0,0,0,0,0,0,0,0,0,0,-1,-1,0,0,0,0,0,0,0,0,0,0,0,1,0,0,0,0,0,0,0,0,0,0,0,0,0,0,0,0,0,0,0,0,0,0,0,0,0,0,0,0,0,0,0,0,0,0.118,0,0,0,0
TCGA-DB-A64S,392,1,835,0,1,0,0,0,0,0,0,0,0,0,0,0,0,0,0,0,0,0,0,0,0,0,0,0,0,0,0,0,0,0,0,0,0,0,0,0,0,0,0,0,0,0,0,0,0,0,0,0,0,0,0,0,0,0,0,0,0,0,0,0,0,0,0,0,0,0,0,0,0,0,0,0,0,0,0,0,0,0,0
TCGA-DB-A64U,393,1,846,1,1,0,0,0,0,0,0,0,0,0,0,0,0,0,0,0,0,0,0,0,0,0,0,0,0,0,0,-1,-1,0,0,0,0,0,0,0,0,0,0,0,2,0,0,0,0,0,0,0,0,0,0,0,0,0,0,0,0,0,0,0,0,0,0,0,0,0,0,0,0,0,0,0,0,0,0,0,0,0,0
TCGA-DB-A64V,394,1,889,1,1,0,0,0,0,0,0,0,0,0,0,0,0,0,0,-1,-1,0,0,0,0,0,0,0,0,0,0,-1,-1,0,0,0,0,0,0,0,0,0,0,-1,0,0,0,0,0,0,0,0,0,0,0,0,0,0,0,0,0,-0.293,0,0,0,0,0,0,0,0,0,0,0,0,0,0,0,0,0,0,0,0,0
TCGA-DB-A64W,395,0,438,1,1,0,0,0,0,0,0,0,0,0,0,0,0,0,0,0,0,0,0,0,0,0,0,0,0,0,0,-1,-1,0,0,0,0,0,0,0,0,0,0,0,0,0,0,0,0,0,0,-0.821,-0.821,0,0,0,0,0,0,0,0,0,0,0,0,0,0,0,0,0,0,0,0,0,0,0,0,0,0,0,0,0.768,0
TCGA-DB-A64X,396,1,563,0,1,0,0,1,1,1,1,1,1,1,0,0,0,0,0,0,0,0,0,0,0,0,0,0,0,-1,-1,0,0,-1,-1,0,0,0,0,0,0,0,0,0,0,0,0,0,0,0,0,-0.385,0,-0.136,-0.136,0,0,0,0.214,1.761,1.761,0,0,0,0,0,0,0,0,-0.16,0,0,0,0,0,0,0,0,0,0,0,0,0
TCGA-DB-A75K,397,1,368,1,1,0,0,0,0,0,0,0,0,0,0,0,0,0,0,0,0,0,0,0,0,0,0,0,0,0,0,-1,-1,0,0,0,0,0,0,0,0,0,0,0,0,0,0,0,0,0,0,0,0,0,0,0,0,0,0,0,0,0,0,0,0,0,0,0,0,0,0,0,0,0,0,0,0,0,0,0,0,0,0
TCGA-DB-A75L,398,1,342,0,1,0,0,0,0,0,0,0,0,0,0,0,0,0,0,-2,-2,-1,0,0,0,0,0,0,0,-1,-1,0,0,0,0,0,0,0,0,0,0,0,0,-2,1,-1,0,0,0,0,0,0,0,0,0,0,0,0,0,0,0,-0.758,0,0,0,0,0.757,0,0,0,0,0,0,0,0,0,0,0,0.398,0,0,-0.152,0
TCGA-DB-A75M,399,1,544,0,1,0,0,0,0,0,0,0,0,0,0,0,0,0,0,0,0,0,0,0,0,0,0,0,0,0,0,0,0,0,0,0,-2,-2,-2,-2,-2,-2,0,0,0,0,0,0,0,0,0,0,0,0,0,0,0,0,0,0,0,0,0,0.517,0,0,0,0,0,0,0,0,0,0,0,0,0,0,0,0,0,0,0
TCGA-DB-A75O,400,1,935,0,1,0,0,0,1,1,0,0,1,0,0,0,0,0,0,0,0,0,0,0,0,0,0,0,0,0,0,0,0,-2,-2,2,0,0,0,0,0,0,0,0,0,0,0,0,0,0,0,0,-0.472,0,0,0,0,0.296,0.296,0,0,0,0,0,0,0,0,0,0,0,0,0,0,0,0,0,0,0,0,0.379,0,0,0
TCGA-DB-A75P,401,1,492,0,0,0,0,0,0,0,0,0,0,0,0,0,0,0,0,-2,-2,0,0,0,0,0,0,0,0,0,0,0,0,0,0,0,0,0,0,0,0,0,0,-1,0,0,0,0,0,0,0,0,0,0,0,0,0,0,0,0,0,-0.422,-0.422,0,0,0,0,0,0,0,0,0,0,0,0,0,0,0,0,0,0,0,0
TCGA-DH-5140,402,0,607,0,0,0,0,-1,0,0,0,0,0,0,0,0,-1,-1,-1,-1,-1,-1,-1,-1,-1,-1,-1,-1,-1,-1,-1,0,0,-1,-1,0,0,0,0,0,0,0,0,0,-1,-1,0,0,0,0,0,0,0,-0.42,-0.42,0,0,0,0,-0.313,-0.313,0,0,-0.476,-0.476,-0.269,-0.269,0,0,-0.205,-0.783,-0.245,0,0,0,0,-0.732,-0.732,-0.101,0,0,-0.163,0
TCGA-DH-5141,403,1,968,1,1,0,0,0,0,0,0,0,0,0,0,0,0,0,0,0,0,0,0,0,0,0,0,0,0,0,0,-1,-1,0,0,0,0,0,0,0,0,0,0,0,2,0,-0.751,0,0,0,0,0,0,0,0,0,0,0,0,0,0,0,0,0,0,0,0,0,0,0,0,0,0,0,0,0,0,0,0,0,0,0,0
TCGA-DH-5142,404,1,1943,0,1,2,0,0,0,0,0,0,0,0,0,0,-1,-1,-1,0,0,0,-1,-1,-1,-1,-1,-1,-1,0,0,0,0,-1,-1,0,0,0,0,0,0,0,0,0,2,0,0,-0.119,-0.119,0,0,0,0,0,0,0,0,0,0,0,0,0,0,0,0,-0.731,0,0,0,-0.727,-0.298,-0.255,0,0,0,0,-0.124,-0.124,-0.213,0,0,-0.679,0
TCGA-DH-5143,405,1,1401,0,1,0,0,1,0,0,0,0,0,0,0,0,0,0,0,0,0,0,-1,-1,-1,-1,-1,-1,-1,0,0,0,0,0,0,0,0,0,0,0,0,0,0,0,0,0,0,0,0,0,0,0,0,0,0,0,0,0,0,0,0.122,0,0,0,0,0,0,0,0,0,-0.17,0,0,0,0,0,0,0,0,0,0,0,0
TCGA-DH-5144,406,1,748,1,1,0,0,0,1,1,1,1,1,1,0,0,0,0,0,0,0,0,0,0,0,0,0,0,0,0,0,-1,-1,0,0,0,0,0,0,0,0,0,0,0,1,0,-0.903,0,0,0,0,0,0,0,0,0,0,0,0,0,0,0,0,0,0,0.129,0.129,0,0,0,0,0,0,0,0,0,0,0,-0.738,0,0,0,0
TCGA-DH-A669,407,0,919,1,1,1,1,1,1,1,1,1,1,1,1,1,-1,-1,-1,0,0,-1,1,1,1,1,1,1,1,0,0,-1,-1,-1,-1,-1,-1,-1,-1,-1,-1,-1,1,0,1,-1,-0.031,0.277,0,0,0,-0.218,-0.218,0,0,-0.174,-0.174,0.64,0.64,0.329,0.329,0,0,-0.255,-0.431,0,0,0.361,0.361,-0.559,0.372,-0.208,-0.244,-0.244,0.548,0.548,-0.577,-0.577,-0.175,0.56,0.56,0,-0.226
TCGA-DH-A66B,408,1,1279,0,1,0,0,0,-1,-1,-1,-1,-1,-1,0,0,0,0,0,0,0,-2,0,0,0,0,0,0,0,-1,-1,0,0,0,0,0,-1,-1,-1,-1,-1,-1,0,0,-1,0,0,0,-0.363,0,0,0,-0.401,0,0,0,-0.408,0,-0.273,-0.435,0,0,0,0.382,0,0,0,0,-0.41,0,0,0,0.329,0,0,0,-0.431,-0.431,-0.107,0.392,0,0,0
TCGA-DH-A66D,409,1,846,0,1,0,0,0,2,2,2,2,2,2,0,0,0,0,0,0,0,-1,0,0,0,0,0,0,0,-1,-1,0,0,-1,-1,0,0,0,0,0,0,0,0,0,0,0,0,0,0,-0.807,-0.807,0,0,-0.272,-0.272,0,0,0,0,0,0,0,0,0,0,0.132,0.132,0,0,-0.459,0,0,0,0,0,0,0,0,0,0,0,0,0
TCGA-DH-A66F,410,1,523,1,1,0,0,0,0,0,0,0,0,0,0,0,0,0,0,0,0,0,0,0,0,0,0,0,0,0,0,-1,-1,-1,-1,0,0,0,0,0,0,0,0,0,1,0,0,0,0,0,0,0,0,0,0,0,0,0,0,0,0,0,0,0,0,0,0,0,0,-0.107,0,0,0,0,0.123,0.123,0,0,0.11,0,0,0,0
TCGA-DH-A66G,411,1,523,0,1,1,0,1,1,1,1,1,1,1,0,0,0,0,0,0,0,0,0,0,0,0,0,0,0,-1,-1,0,0,0,0,-1,0,0,0,0,0,0,0,0,0,0,0,0,0,0,0,-0.321,-0.321,-0.307,-0.307,0,0,0.105,0.105,0,0,0,0,0,0,-0.311,0.19,0,0,0,0,0,0,0,0,0,0,0,0,0,0,0,0
TCGA-DH-A7UR,412,1,1650,1,1,0,0,0,0,0,0,0,0,0,0,0,0,0,0,-1,-1,0,0,0,0,0,0,0,0,0,0,-1,-1,0,0,0,0,0,0,0,0,0,0,-1,0,0,0,0.183,0.01,0,0,0,0,0,0,0,0,0,0,0,0,-0.597,0,0,0,0,0,0,0,0,0,0,0,0,0,0,0,0,0,0,0,0,0
TCGA-DH-A7US,413,1,706,1,1,0,0,0,0,0,0,0,0,0,0,0,0,0,0,0,0,0,0,0,0,0,0,0,0,0,0,-1,-1,0,0,0,0,0,0,0,0,0,0,0,0,0,0,0,0,0,0,0,0,0,0,0,0,0,0,0,0,0,0,0,0,0,0,0,0,0,0,0,0,0,0,0,0,0,0,0,0,0,0
TCGA-DH-A7UT,414,0,531,0,1,1,0,1,1,1,1,1,1,1,0,0,-1,-1,-1,0,0,0,0,0,0,0,0,0,0,0,0,0,0,0,0,0,0,0,0,0,0,0,1,0,0,0,0,0,0,0,0,-0.555,0,0,0,0,0,0.551,0.551,0.533,0.533,0,0,0,0,-0.688,0.558,0,0,0,0,-0.294,0,0,0,0,0.12,-0.108,0,0,0,0,0
TCGA-DH-A7UU,415,1,417,0,1,0,0,0,0,0,0,0,0,0,0,0,0,0,0,0,0,-1,0,0,0,0,0,0,0,-1,-1,0,0,-1,-2,0,0,0,0,0,0,0,0,0,0,-1,0,0,0,0,0,0,0,0,0,0,0,0,0,0,0,0,0,1.48,-0.649,-0.755,0,0,0,-0.551,0,0,0,0,0,0,0,0,0,0,0,0,0
TCGA-DH-A7UV,416,1,566,0,1,1,0,0,1,1,1,1,1,1,0,0,0,0,0,0,0,0,0,0,0,0,0,0,0,0,0,0,0,0,0,0,0,0,0,0,0,0,1,0,0,0,0,0,0,0,0,0,0,0,0,0,0,0.317,0.317,0,0,0,0,0.531,0,0,0,0,0,0,0,0,0,0,0,0,0,0,0,0,0,0,0
TCGA-DU-5847,417,1,548,0,0,0,0,0,0,0,0,0,0,0,0,0,0,0,0,-2,-2,-1,-1,-1,-1,-1,-1,-1,-1,0,0,0,0,-1,-1,0,-1,-1,-1,-1,-1,-1,0,-1,0,-1,0,0,0,0,0,0,0,0,0,0,-0.624,0,0,0,0,-0.632,0,-0.68,-0.68,0,0,0,0,-0.669,-0.682,0,0,-0.667,0,0,0,0,0,0,0,0,-0.688
TCGA-DU-5849,418,1,443,1,1,0,0,0,1,1,1,1,1,1,0,0,0,0,0,0,0,0,0,0,0,0,0,0,0,0,0,-1,-1,0,0,0,0,0,0,0,0,0,0,0,0,0,-0.648,0,0,0,0,0,0,0,0,0,0,0,0.826,0,0,0,0,0,0,0,0,0,0,0,0,0,0,0,0,0,0.431,-0.016,0,0,0,0,0
TCGA-DU-5851,419,1,531,0,1,0,0,0,0,0,0,0,0,0,0,0,0,0,0,-1,-1,0,-1,-1,-1,-1,0,-1,-1,0,0,0,0,0,0,0,0,0,0,0,0,0,0,-1,0,0,0,0,0,0,0,0,0,0,0,0,0,0,0,0,0,-0.381,0,0,0,0,0,0,0,0,0,0,0,0,0,0,0,0,0,0,0,0,0
TCGA-DU-5852,420,0,205,0,0,2,0,0,0,0,0,0,0,0,0,0,1,1,1,-2,-2,-1,-1,-1,-1,-1,-1,-1,-1,0,0,-1,0,-1,-1,1,0,0,0,0,0,0,0,-1,0,-1,0,0,0,0,0,0,0,0,0,0,0,0,0,0,0,0,0,-0.827,-0.827,0,0,0,0,0,-0.67,0.119,0,0,0,0,0,0,0,0.384,0.384,0,-0.802
TCGA-DU-5853,421,1,407,0,1,0,0,0,0,0,0,0,0,0,0,0,0,0,0,0,0,-1,0,0,0,0,0,0,0,0,0,0,0,-1,-1,0,0,0,0,0,0,0,0,0,0,0,0,0,0,0,0,0,-0.31,0,0,0,0,0,0,0,0,0,0,0,0,0,0,0,0,-0.323,0,0,0,0,0,0,0,0,0,0,0,0,-0.323
TCGA-DU-5854,422,1,257,0,0,2,0,0,1,1,1,1,1,1,0,0,0,0,0,-2,-2,-1,0,0,0,0,0,0,0,0,0,0,0,0,0,0,0,0,0,0,0,0,1,-1,1,-1,0,0,0,0,0,0,0,0,0,0,0,0.485,0.485,0,0,0,0,-0.504,-0.504,0,0,0,0,0,0,0,0,0,0,0,0,0,0.438,0.472,0.472,0,0
TCGA-DU-5855,423,1,207,0,1,0,0,0,2,2,2,2,2,2,0,0,0,0,0,-1,-1,0,-1,-1,-1,-1,-1,-1,-1,0,0,0,0,0,0,0,-1,-1,-1,-1,-1,-1,0,-1,-1,0,0,0,0,0,0,0,0,0,0,0,-0.496,0,0,0,0,-0.654,0,0,0,0,0,0,0,0,0,0,0,0,0,0,0,0,-0.114,0,0,0,0
TCGA-DU-5870,424,1,5546,1,1,0,0,0,0,0,0,0,0,0,0,0,0,0,0,0,0,0,0,0,0,0,0,0,0,0,0,-1,-1,0,0,0,0,0,0,0,0,0,0,0,0,0,0,0,0,0,0,0,0,0,0,0,0,0,0,0,0,0,0,0,0,0,0.653,0,0,0,0,0,0,0,0,0,0,-0.715,0,0,0,0,0
TCGA-DU-5872,425,1,532,0,1,0,0,0,0,0,2,2,0,0,0,0,0,0,0,0,0,-1,-1,-1,-1,-1,-1,-1,-1,0,0,-1,0,0,0,0,-1,-1,-1,-1,-1,-1,0,0,0,0,0,0,0,0,0,0,0,0,0,0,-0.877,0,0,0,0,0,0,0,0,0,0,0,0,0,0,0,0,0,0,0,0,0,0,0,0,0,0
TCGA-DU-5874,426,1,461,1,1,0,0,0,0,0,0,0,0,0,0,0,0,0,0,0,0,0,0,0,0,0,0,0,0,0,0,-1,-1,0,0,0,0,0,0,0,0,0,0,0,1,0,0,0,0,0,0,0,0,0,0,0,0,0,0,0,0,0,0,0,0,0,0,0,0,0,0,0,0,0,0,0,0,0,0.108,0,0,0,0
TCGA-DU-6392,427,1,6423,0,0,1,1,0,1,1,1,1,1,1,1,1,0,0,0,0,0,0,0,0,0,0,0,0,0,0,0,0,0,-1,-1,0,0,0,0,0,0,0,-2,0,0,0,0.276,0,0,0,0,0,0,0,0,0,0,0.717,0.717,0,0,0,0,0,0,0.192,0.192,0,0,-0.196,0,0,0.189,0.189,0,0,0,0,0,0,0,0.188,0
TCGA-DU-6393,428,0,1585,1,1,0,0,0,0,0,0,0,0,0,0,0,-1,-1,-1,0,0,0,0,0,0,0,0,0,0,0,0,-1,-1,0,0,0,0,0,0,0,0,0,0,0,1,0,0,0,0,0,0,0,0,0,0,0,0,0,0,0,0,0,0,0,0,0.703,0.703,0,0,0,0,-0.872,0,0,0,0,-0.704,-0.704,0.13,0,0,0.803,0.127
TCGA-DU-6394,429,0,682,1,1,0,0,0,0,0,0,0,0,0,0,0,0,0,0,0,0,0,0,0,0,0,0,0,0,0,0,-1,-1,0,0,0,0,0,0,0,0,0,0,0,1,0,0,0,0,0,0,0,0,0,0,0,0,0,0,0,0,0,0,0,0,0,0,0,0,0,0,0,0,0,0,0,0,0,0.143,0,0,0,0
TCGA-DU-6395,430,0,1491,0,1,1,0,0,1,1,1,1,1,1,0,0,0,0,0,-1,-1,0,0,0,0,0,0,0,0,0,0,0,0,0,0,0,0,0,0,0,0,0,1,-2,0,0,0,0,0,0,0,0,0,0,0,0,0,0.757,0.757,0,0,-0.502,0,0,0,0,0,1.134,1.134,0,0,0,0,0,0,0,0,0,0,0,0,0,0
TCGA-DU-6396,431,0,2286,0,1,0,0,0,0,0,0,0,0,0,0,0,-1,-1,-1,0,0,-1,-1,-1,-1,-1,-1,-1,-1,0,0,-1,0,0,0,0,0,0,0,0,0,0,0,0,0,-1,-0.307,-0.307,-0.307,-0.308,-0.308,0,0,0,0,0,0,0,0,0,0,0,0,0.351,-0.25,-0.667,0,0,0,0,0,0,0,0,0,0,0,0,0,0,0,0,0
TCGA-DU-6397,432,0,1401,1,1,0,0,0,0,0,0,0,0,0,0,0,0,0,0,-1,-1,0,-1,-1,-1,-1,-1,-1,-1,0,0,-1,-1,0,0,0,0,0,0,0,0,0,-1,-1,1,0,0,0,0,0,0,0,0,0,0,0,0,0,0,0,0,-0.149,-0.149,0,0,0,0.115,0,0,0,-0.189,0,0,0,0,0,0,0,0.126,0,0,0,0
TCGA-DU-6399,433,0,2000,0,1,0,0,1,1,1,1,1,1,1,0,0,0,0,0,-1,-1,-1,-1,-1,-1,-1,-1,-1,-1,-1,-1,0,0,-1,-1,0,0,0,0,0,0,0,-1,-1,0,-1,0,0,0,0,0,-0.111,-0.273,-0.109,-0.109,0,0,0.401,0.401,0,0,-0.454,0,0,-0.165,0,0,0,0,-0.399,-0.154,0,0,0,0,0,0,0,0,0,0,0,-0.124
TCGA-DU-6400,434,0,37,1,1,1,1,0,1,1,1,1,1,1,1,1,-1,-1,-1,0,0,0,0,0,0,0,0,0,0,0,0,-1,-1,-1,-1,-1,-1,-1,-1,-1,-1,-1,1,0,1,0,-0.691,0,0,0.116,0.116,-0.223,-0.223,0,0,-0.164,-0.164,0.122,0.122,0,0,0,0,0,0,0.121,0.121,0.12,0.12,-0.812,0,-0.326,0.121,0.121,-0.131,-0.131,0,0,0.18,0.135,0.135,0.128,0.155
TCGA-DU-6401,435,0,2660,0,1,0,0,0,0,0,0,0,0,0,0,0,0,0,0,0,0,-1,0,0,0,0,0,0,0,-1,-1,0,0,0,0,0,0,0,0,-1,0,-1,0,0,0,-1,0,0,0,0,0,0,0,0,-0.325,0,0,0,0,0,0,0,0,0,0,0,0,0,-0.399,0,0,0,0,0,0,0,0,0,0,0,0,0,0
TCGA-DU-6402,436,0,214,0,0,1,0,0,1,1,1,1,1,1,0,0,0,0,0,-2,-2,-1,0,0,0,0,0,0,0,0,0,-1,0,0,0,-1,0,0,0,0,0,0,1,-1,1,-1,0,0,0,0,0,0,0,0,0,0,0,0.569,0.569,0,0,-0.591,0,-0.609,-0.609,0,0,0,0,0,0,0,0,0,0,0,0,0,0,0,0,0,0
TCGA-DU-6403,437,0,354,0,0,2,2,0,1,1,1,1,1,1,1,1,0,0,0,-1,-1,-1,-1,-1,-1,-1,0,-1,-1,0,0,0,0,0,0,0,0,0,0,0,0,0,1,-1,0,-1,0,0,0,0,0,0,0,0,0,0,0,0.541,0.541,0,0,-0.623,0,-0.613,-0.613,0,0,0,0,0,0,0,0,0,0,0,0,0,0,0,0,0,0
TCGA-DU-6404,438,0,4068,0,0,1,0,0,1,1,1,1,1,1,0,0,0,0,0,0,0,0,0,0,0,0,0,0,0,0,0,0,0,0,0,0,0,0,0,0,0,0,1,0,0,0,0,0,0,0,0,0,0,0,0,0,0,0.514,0.514,0,0,0,0,0,0,0,0,0,0,0,0,0,0,0,0,0,0,0,0,0,0,0,0
TCGA-DU-6405,439,0,605,0,0,2,0,0,1,1,1,1,1,1,0,0,0,0,0,-2,-2,-1,0,0,0,0,0,0,0,0,0,-1,0,0,0,0,-1,-1,-1,-1,-1,-1,0,0,0,-1,0,0,0,0,0,0,0,0,0,0,-0.759,0.793,0.793,0,0,0,0,-0.759,-0.759,0,0,0,0,0,0,0,0,0,0,0,0,0,0,0,0,0,0
TCGA-DU-6406,440,0,512,0,0,2,0,0,1,1,1,1,1,1,0,0,0,0,0,-2,-2,-1,0,0,0,0,0,0,0,0,0,0,0,0,0,0,0,0,0,0,0,0,1,0,1,-1,0,0,0,0,0,0,0,0,0,0,0,0.875,0.875,0,0,0,0,-0.925,-0.925,0,0,0,0,0,0,0,0,0,0,0,0,0,0.739,0.832,0.832,0,0
TCGA-DU-6407,441,0,2875,0,1,1,0,2,1,1,1,1,1,1,0,0,0,0,0,-2,-2,-2,0,0,0,0,0,0,0,0,0,0,0,-1,-1,-2,0,0,0,0,0,0,1,0,0,0,0,0,0,0,0,0,0,0,0,0,0,0.76,0.76,0.785,0.785,0,0,0,0,0,0,0,0,-0.131,0,0,0,0,0,0,-0.439,-0.439,0,0,0,0.782,0
TCGA-DU-6408,442,0,3470,0,1,0,0,2,0,0,0,0,0,0,0,0,0,0,0,0,0,0,-1,0,0,0,-1,0,0,-1,-1,0,0,-1,-1,1,1,1,1,1,1,1,0,0,0,0,0,0,-0.199,0,0,0,0,0,-0.294,0.206,0.206,0,0,0,0,0,0,0,0,-0.762,0,0,0,-0.17,0,0,0,0,0,0,0,0,-0.683,0,0,0,0
TCGA-DU-6410,443,1,242,1,1,1,0,0,1,1,1,1,1,1,0,0,0,0,0,0,0,0,0,0,0,0,0,0,0,0,0,-1,-1,0,0,0,0,0,0,0,0,0,1,0,0,0,0,0,0,0,0,-0.921,-0.921,0,0,0,0,0.845,0.845,0,0,0,0,0,0,0,0,0,0,0,0,0,0,0,0,0,0,0,0,0,0,0,0
TCGA-DU-6542,444,1,73,0,1,0,0,0,0,0,0,0,0,0,0,0,0,0,0,-1,-1,0,-1,-1,-1,-1,-1,-1,-1,0,0,0,0,0,0,1,-1,-1,-1,-1,-1,-1,0,-1,0,0,0,0,0,0,0,0,0,0,0,0.23,-0.557,0,0,0,0,-0.329,0,0,0,0,0,0.358,0.358,0,-0.757,0,0,0,0,0,0,0,0,0,0,0,0
TCGA-DU-7006,445,0,349,0,0,1,0,-1,1,1,1,1,1,1,0,0,0,0,0,-2,-2,-1,0,0,0,0,0,0,0,0,0,-1,0,-1,-1,0,0,0,-1,-1,-1,-1,1,-1,0,-1,0,0,0,0,0,0,0,0,0,0,0,0.683,0.683,-0.133,-0.133,-0.659,0,-0.663,-0.663,-0.527,-0.527,0,0,-0.126,0,0,0,0,0,0,0,0,0,0,0,0,0
TCGA-DU-7007,446,0,1915,0,1,0,0,0,0,0,0,0,0,0,0,0,-1,-1,-1,-1,-1,-1,-1,-1,-1,-1,-1,-1,-1,-1,-1,0,0,0,0,0,0,0,0,0,0,0,0,-1,0,0,0,0,0,0,-0.38,0,0,-0.377,-0.377,0,0,0,0,0,0,-0.283,-0.283,0,0,-0.794,0,3.657,3.274,0,-0.337,-0.329,0.315,0.315,0,0,0,0,0,0,0,0,0
TCGA-DU-7008,447,1,4752,0,1,0,0,0,2,2,2,2,2,2,0,0,0,0,0,0,0,-1,0,0,0,0,0,0,0,0,0,0,0,-1,-1,0,0,0,0,0,0,0,0,0,0,-1,0,0,0,0,0,0,-0.451,0,0,0,0,0,0,0,0,0,0,0,-0.225,-0.168,0,0,0,-0.14,0,0,0,0,0,0,0,0,0,0,0,0,-0.104
TCGA-DU-7009,448,0,4695,1,1,0,0,0,0,0,2,2,0,0,0,0,0,0,0,0,0,0,0,0,0,0,0,0,0,0,0,-1,-1,0,0,0,0,0,0,0,0,0,0,0,1,0,0,0,0,0,0,0,0,0,0,0,0,0,0,0,0,0,0,0,0,0,0,0,0,0,0,0,0,0,0,0,-0.533,-0.533,0.113,0,0,0,0
TCGA-DU-7010,449,0,456,0,1,0,1,1,0,0,1,1,0,0,1,1,0,0,0,1,1,-1,-1,-1,-1,-1,-1,-1,-1,-1,-1,1,1,-1,-1,0,1,1,1,1,1,1,0,1,0,-1,0.69,-0.338,0,0,0,-0.222,-0.785,-0.332,-0.332,0,0,0,0,0,0,1.107,0.734,0,-0.22,-0.767,-0.409,-0.354,-0.354,-0.753,-0.364,0,0.268,0.268,-0.412,0,1.802,0.902,0,0,0,-0.759,0
TCGA-DU-7011,450,0,3200,0,1,1,0,0,1,1,1,1,1,1,0,0,0,0,0,0,0,0,0,0,0,0,0,0,0,0,0,0,0,0,0,0,0,0,0,0,0,0,1,0,0,0,0,0,0,0,0,0,0,0,0,0,0,0.219,0.219,0,0,0,0,0,0,0,0,0,0,0,0,0,0,0,0,0,0,0,0,0,0,0,0
TCGA-DU-7012,451,0,199,0,0,1,0,0,1,1,1,1,1,1,0,0,0,0,0,-2,-2,-1,-1,-1,-1,-1,-1,-1,-1,0,0,0,0,0,0,0,-1,-1,-1,-1,-1,-1,1,0,0,-1,0,0,0,0,0,0,0,0,0,0,-0.537,0.516,0.516,0,0,0,0,-0.535,-0.535,0,0,0,0,0,-0.535,0,0,-0.529,0,0,1.103,1.103,0,0,0,0,0
TCGA-DU-7013,452,0,269,0,0,2,0,1,1,1,1,1,1,1,0,0,0,0,0,0,0,-1,0,0,0,0,0,0,0,0,0,0,0,0,0,0,0,0,0,0,0,0,1,0,0,-1,0,0,0,0,0.767,0,0,0,0,0,0,1.579,1.579,0.789,0.789,0,0,-0.932,-0.932,0,0,0,0,0,0,0,0,0,0.834,0.834,0,0,0,0,0,0,0
TCGA-DU-7014,453,0,3571,NA,NA,1,0,1,1,1,1,1,1,1,0,0,0,0,0,-1,-1,-1,0,0,0,0,0,0,0,0,0,-1,-1,0,0,0,-1,-1,-1,-1,-1,-1,1,-1,0,-1,0,-0.216,0,0,-0.365,0,0,0,0,0,0,0.217,0.217,0.605,0.605,-0.215,-0.215,0.697,-0.114,-0.176,0,0,0,0,0,0.102,0,-0.448,0,0,-0.135,-0.135,0,0,0,0,0
TCGA-DU-7015,454,1,2761,0,1,1,1,2,1,2,0,0,2,2,1,1,0,0,0,-1,-1,0,0,0,0,0,0,0,0,0,0,0,0,0,0,0,0,0,0,0,0,0,1,-2,1,0,0.458,0,0,0,0,0,0,0,0,0,0,0.747,0,0,0,-0.214,0,0,0,-0.177,0,0,0,0,0,0,0,0,0,0,0,0,0.173,0,0,0,0
TCGA-DU-7018,455,0,933,1,1,0,0,0,0,0,0,0,0,0,0,0,0,0,0,-1,-1,0,0,0,0,0,0,0,0,-1,0,-1,-1,0,0,0,0,0,0,0,0,0,0,0,0,0,0,0,0,0,0,-0.753,-0.753,0,0,0,0,0,0,0,0,0,0,0,0,0.675,0.675,0,0,0,0,0,-0.102,-0.102,0,0,0,0,0,0,0,0,0
TCGA-DU-7019,456,1,800,0,1,0,0,0,0,0,0,0,0,0,0,0,0,0,0,-1,-1,0,1,1,1,1,-1,1,1,0,0,0,0,0,0,0,0,0,0,0,0,0,0,-1,1,0,0,0,0,0,0,0,0,0,0,0,0,0,0,0,0,-0.758,0,0.438,0,0,0,0,0,0,0.344,0,0,0,0,0,0,0,0.309,0,0,0,0
TCGA-DU-7290,457,0,315,0,0,0,1,0,0,0,0,0,0,0,1,1,0,0,0,0,0,-1,-1,-1,-1,-1,-1,-1,-1,0,0,-1,1,-1,-1,0,0,0,0,0,0,0,0,0,0,-1,0.447,0,0,0,0,0,0,0,0,0,0,0,0,0,0,0,0,-0.662,-0.662,0,0,0,0,-0.667,-0.664,0,0,0,0,0,0,0,0,0,0,0,-0.654
TCGA-DU-7292,458,0,242,0,0,2,2,0,1,1,1,1,1,1,0,0,0,0,0,-2,-2,-1,0,0,0,0,0,0,0,0,0,0,0,-1,-1,0,0,0,0,0,0,0,0,-1,0,-1,0,0,0,0,0,0,0,0,0,0,0,0,1.129,0,0,-0.65,0,-0.648,-0.648,0,0,0,0,0,0,0,0,0,0,0,0,0,0,0,0,0,0
TCGA-DU-7294,459,1,2869,1,1,0,0,0,0,0,0,0,0,0,0,0,0,0,0,0,0,0,0,0,0,0,0,0,0,0,0,-1,-1,0,0,0,0,0,0,0,0,0,0,0,0,0,-0.866,0,0,0,0,-0.666,-0.666,0,0,0,0,0,0,0,0,0,0,0,0,0,0,0,0,0,0,0,0,0,0,0,0,0,0,0,0,0,0
TCGA-DU-7298,460,0,576,0,1,0,0,0,0,0,0,0,0,0,0,0,0,0,0,-2,-2,-1,-2,-2,-2,-2,-2,-2,-2,0,0,0,0,0,-2,0,-1,-1,-1,-1,-1,-1,0,-2,1,-1,0,0,0,0,-0.447,0,0,0,0,0,-0.5,0,0,0,0,-0.223,0.205,-0.115,-0.115,0,0,0,0,0,0,0,0,0,0,0,0,0,0.352,0.374,0,0,-0.411
TCGA-DU-7299,461,0,1339,0,1,0,0,0,0,0,0,0,0,0,0,0,0,0,0,0,0,0,0,0,0,0,0,0,0,0,0,0,0,-1,-1,0,0,0,0,0,0,0,0,0,0,0,0,0,0,0,0,0,-0.633,0,0,0,0,0,0,0,0,0,0,0.684,0,0,0,0,0,-0.107,0,0,0,0,0,0,0,0,0,0,0,0,0
TCGA-DU-7300,462,0,1886,1,1,0,0,0,0,0,0,0,0,0,0,0,0,0,0,0,0,0,0,0,0,0,0,0,0,0,0,-1,-1,0,0,0,0,0,0,0,0,0,0,0,0,0,0,0,0,-0.104,-0.104,0,0,0,0,0,0,0,0,0,0,0,0,0,0,0,0,0,0,0,0,0,0,0,0,0,-0.673,-0.673,0,0,0,0,0
TCGA-DU-7301,463,0,788,0,1,0,0,0,1,1,2,1,1,1,0,0,0,0,0,-1,-1,-1,0,0,0,0,0,0,0,0,0,0,0,-1,-1,0,0,0,0,0,0,0,0,-1,0,0,0,0,0,0,0,0,0,0,0,0,0,0.825,0.825,0,0,-0.627,0,0,0,0,0,0,0,-0.85,0,0,0,0,0,0,0,0,0,0,0,0,0
TCGA-DU-7302,464,1,1834,1,1,0,0,0,0,0,0,0,0,0,0,0,0,0,0,-1,-1,0,-1,-1,-1,-1,-1,-1,-1,0,0,-1,-1,0,0,0,0,0,0,0,0,0,0,0,0,0,0,0,0,0,0,0,-0.857,0,0,0,0,0,0,0,0,0,0,0,0,0,0,0,0,0,-0.868,0,0,0,0,0,0,0,0,0,0,0,0
TCGA-DU-7304,465,0,709,0,1,0,1,1,0,0,0,0,0,0,1,1,0,0,0,-1,-1,0,0,0,0,0,0,0,0,0,0,0,0,0,0,0,0,0,0,0,0,0,-2,-1,0,0,0,0,0,0,0,0,0,0,0,0,0,0,0,0.616,0.616,-0.141,-0.141,0.899,0,0,0.778,0,0,0,0,0,0,0,0,0,0,0,0,0,0,0,0
TCGA-DU-7306,466,1,1277,0,1,0,0,0,1,1,1,1,1,1,0,0,1,1,1,-1,-1,0,0,0,0,0,0,0,0,0,0,0,0,0,0,0,0,0,0,0,0,0,0,-1,1,0,0,0,0,0,0,0,0,-0.251,0,0,0,0,0.755,0,0,-0.558,0,0,0,1.732,1.732,0,0,0,0,0.52,0,0,0,0,0,0,0.593,0,0,0,0
TCGA-DU-7309,467,1,84,0,1,0,0,0,2,2,0,2,2,2,0,0,0,0,0,0,0,0,0,0,0,0,0,0,0,0,0,0,0,0,0,0,0,0,0,0,0,0,0,0,0,0,0,0,0,0,0,0,-0.281,0,0,0,0,0,0,0,0,0,0,0,0,0,0.104,0,0,0,0,0,0,0,0,0,0,0,0,0,0,0,0
TCGA-DU-8158,468,0,155,0,0,0,-1,1,0,0,0,0,0,0,-1,-1,-1,-1,-1,-2,-2,-1,-1,-1,-1,-1,-1,-1,-1,0,0,-1,-2,-1,-1,-1,-1,-1,-1,-1,-1,-1,0,1,0,-1,-0.109,0,0,0.216,0.216,0,0,0,0,-0.556,-0.556,0,0,0.188,0.188,0.22,0.22,-0.541,-0.541,-0.161,-0.161,0,0,-0.55,-0.542,-0.539,0,0,0,0,-0.548,-0.548,0,0,0,0.232,-0.541
TCGA-DU-8161,469,0,722,0,0,1,0,0,1,1,1,1,1,1,0,0,0,0,0,-1,-1,-1,-1,-1,-1,-1,-1,-1,-1,0,0,-1,-1,0,0,-1,-1,-1,-1,-1,-1,-1,1,-1,0,-1,0,0,0,0,0,0,0,0,0,-0.542,-0.542,0.562,0.562,0,0,0.001,0.428,-0.534,-0.534,0,0,0,0,0,-0.539,0,0,0,-0.444,0,0,0,0,0,0,0,-0.53
TCGA-DU-8162,470,0,444,0,0,2,1,0,0,0,0,0,0,0,1,1,0,0,0,-1,-1,-1,0,0,0,0,0,0,0,0,0,0,0,0,0,0,0,0,0,0,0,0,0,-1,0,0,0.148,0,0,0,0,0,0,0,0,0,0,0,0,0,0,-0.101,-0.101,0,0,0,0,0,0,0,0,0,0,0,0,0,0,0,0,0.2,0.2,0,0
TCGA-DU-8163,471,1,629,0,1,1,0,1,1,1,1,1,1,1,0,0,0,0,0,0,0,0,0,0,0,0,0,0,0,0,0,0,0,0,0,0,0,0,0,0,0,0,1,0,0,0,0,0,0,0,0,0,0,0,0,0,0,0.546,0.546,0.113,0.113,0,0,0,0,0,0,0,0,0,0,0,0,0,0,0,0,0,0,0,0,0,0
TCGA-DU-8164,472,1,651,1,1,0,0,0,0,0,0,0,0,0,0,0,0,0,0,0,0,0,0,0,0,0,0,0,0,0,0,-1,-1,0,0,0,0,0,0,0,0,0,0,0,2,0,0,0,0,0,0,0,0,0,0,0,0,0,0,0,0,0,0,0,0,0,0,0,0,0,0,0,0,0,0,0,0,0,0.12,0,0,0,0
TCGA-DU-8165,473,1,582,0,0,1,1,-1,1,1,1,1,1,1,1,1,0,0,0,1,1,-1,-1,-1,-1,-1,-1,-1,-1,-1,-1,1,1,-1,-2,0,0,0,0,0,0,0,1,1,0,-1,0.605,0.195,0.195,0,0,-0.195,-0.195,-0.166,-0.166,0,0,0.394,0.394,-0.122,-0.122,0.378,0.378,-0.762,-0.762,-0.44,-0.44,0.159,0.159,-0.382,-0.733,0,-0.176,-0.176,-0.219,-0.219,0.684,0.684,0,0.627,0.627,-0.247,-0.515
TCGA-DU-8166,474,1,516,0,1,1,0,0,1,1,1,1,1,1,0,0,0,0,0,0,0,0,0,0,0,0,0,0,0,0,0,0,0,0,0,0,0,0,0,0,0,0,1,0,0,0,0,0,0,0,0,-0.145,0,0,0,0,0,0.764,0.764,0,0,0,0,0,0,0,0,0,0,0,0,0,0,0,0,0,0,0,0,-0.844,0,0,0
TCGA-DU-8167,475,1,471,0,1,0,0,2,0,0,0,0,0,0,0,0,0,0,0,0,0,-1,0,0,0,0,0,0,0,0,0,-1,-1,-1,-1,0,0,0,0,0,0,0,0,0,0,-1,0,0,0,0,-0.368,0,0,0,0,0,0,0,0,0.68,0.68,0,0,-0.407,-0.407,0,0,0,-0.417,-0.339,0,0,0,-0.417,0,0,0,0,0,0,0,-0.173,-0.136
TCGA-DU-8168,476,1,431,1,1,0,0,0,0,0,0,0,0,0,0,0,0,0,0,-1,-1,0,0,0,0,0,0,0,0,0,0,-1,-1,-1,-1,0,0,0,0,0,0,0,0,-1,0,0,0,0,0,0,0,-0.104,-0.53,0,0,0,0,0,0,0,0,-0.974,-0.81,0,0,0.449,0,0,0,-0.103,0,0,0,0,0,0,0,0,0,0,0,0,0
TCGA-EZ-7264,477,1,1201,1,1,0,0,0,0,0,0,0,0,0,0,0,0,0,0,-1,-1,0,-1,-1,-1,-1,-1,-1,-1,0,0,-1,-1,0,0,0,0,0,0,0,0,0,0,-1,0,0,0,0,0,0,0,0,-0.73,0,0,0,0,0,0,0,0,-0.721,-0.721,0,0,0,0,0,0,0,-0.735,0,0,0,0,0,0,0,0,0,0,0,0
TCGA-F6-A8O3,478,1,7,1,1,0,0,0,0,0,0,0,0,0,0,0,0,0,0,0,0,0,0,0,0,0,0,0,0,0,0,-1,-1,0,0,0,0,0,0,0,0,0,0,0,0,0,0,0,0,0,0,-0.872,-0.872,0,0,0,0,0,0,0,0,0,0,0,0,0,0,0,0,0,0,0,0,0,0,0,0,0,0,0,0,0,0
TCGA-F6-A8O4,479,1,6,0,1,0,0,0,1,1,1,1,1,1,0,0,0,0,0,-2,-2,0,0,0,0,0,0,0,0,0,0,0,0,0,0,0,0,0,0,0,0,0,0,-2,0,0,0,0,0,0,0,0,0,0,0,0,0,0,0.749,0,0,-0.217,-0.217,0,0,0,0,0,0,0,0,0,0,0,0,0,0,0,0,0,0,0,0
TCGA-FG-5962,480,1,1453,1,1,1,1,1,1,1,1,1,1,1,1,1,0,0,0,0,0,0,0,0,0,0,0,0,0,0,0,-1,-1,-1,-1,0,0,0,0,0,0,0,1,0,1,0,-0.399,0,0,0.274,0.274,-0.469,-0.469,0,0,0,0,0.251,0.251,0.268,0.268,0,0,0,0,0.235,0.235,0,0,-0.572,0,0,0.231,0.231,0.223,0.223,0,0,0.216,0.196,0.196,0.26,0.218
TCGA-FG-5963,481,0,775,0,0,2,0,0,0,0,0,0,0,0,0,0,0,0,0,-2,-2,0,-1,-1,-1,-1,-1,-1,-1,-1,-1,0,0,-1,-1,-1,-1,-1,-1,-1,-1,-1,0,-1,0,0,0,0,0,0,0,0,-0.318,0,0,-0.337,-0.337,0,0,0,0,-0.356,0,0,0,0,0,0,0,-0.299,0,0,0,0,0,0,0,0,0,0,0,0,0
TCGA-FG-5964,482,1,1588,1,1,0,0,2,0,0,0,0,0,0,0,0,0,0,0,-1,-1,0,0,0,0,0,0,0,0,0,0,-1,-1,-1,-1,0,0,0,0,0,0,0,0,-1,0,0,0,0,0,0,0,-0.56,-0.56,0,0,0,0,0,0,0,0,0,0,0,0,0,0,0,0,-0.557,0,0,0,0,0,0,0,0,0,0,0,0,0
TCGA-FG-5965,483,0,1120,0,1,0,0,0,1,1,1,1,1,1,0,0,0,0,0,-2,-2,0,0,0,0,0,0,0,0,0,0,0,0,0,0,-1,0,0,0,0,0,0,0,-1,0,0,0,0,0,0,0,0,0,-0.694,0,0,0,0,0.372,0,0,-0.678,0,0,0,0,0,0,0,0,0,0,0,0,0,0,0,0,0,0,0,0,0
TCGA-FG-6688,484,1,571,0,0,2,2,0,1,1,1,1,1,1,0,0,0,0,0,0,0,-1,0,0,0,0,0,0,0,0,0,0,0,-1,-1,0,0,0,0,0,0,0,2,0,0,-2,0,0,0,0,0,0,0,0,0,0,0,0.394,0.394,0,0,0,0,-0.359,-0.359,0,0,0,0,0,0,0,0,0,0,0,0,0,0,0,0,0,0
TCGA-FG-6689,485,1,454,0,1,0,0,0,0,0,0,0,0,0,0,0,0,0,0,0,0,0,0,0,0,0,0,0,0,0,0,0,0,-1,-1,0,0,0,0,0,0,0,0,0,0,0,0,0,0,0,0,0,0,-0.348,0,0,0,0,0,0,0,0,0,0,0,-0.356,0,0,-0.572,-0.143,0,0,0,0,0,0,0,0,0,0,0,0,0
TCGA-FG-6690,486,1,1294,0,1,0,0,0,1,1,1,1,1,1,0,0,0,0,0,-1,-1,0,0,0,0,0,0,0,0,0,0,0,0,0,0,-2,0,0,0,0,0,0,0,-1,0,0,0,0,0,0,0,0,0,0,0,0,0,0,0.469,0,0,-0.133,0,0,0,0,0,-0.105,-0.105,0,0,0,0,0,0,0,0,0,0,0,0,0,0
TCGA-FG-6691,487,1,1257,0,1,1,0,1,1,1,1,1,1,1,0,0,0,0,0,0,0,0,0,0,0,0,0,0,0,0,0,0,0,0,0,0,0,0,0,0,0,0,1,0,0,0,0,0,0,0,0,0,0,0,0,0,0,0.688,0.688,0,0.554,0,0,0,0,0,0,0,0,0,0,0,0,0,0,0,0,0,0,0,0,0,0
TCGA-FG-6692,488,0,561,0,0,2,1,0,1,1,1,1,1,1,0,0,0,0,0,-1,-1,-1,0,-1,0,0,0,0,-1,0,0,-1,0,-1,-1,0,0,0,0,0,0,0,1,-1,1,-1,0,0,0,0,0,0,0,0,0,0,0,0.775,0.775,0,0,-0.78,0,-0.806,-0.806,0,0,0,0,-0.238,0,0,0,0,0,0,0,0,0.625,0,0,0,0
TCGA-FG-7634,489,1,467,1,1,1,0,1,1,1,1,1,1,1,0,0,-1,-1,-1,0,0,0,0,0,0,0,0,0,0,0,0,-1,-1,0,0,0,0,0,0,0,0,0,1,0,0,0,0,0,0,0,0,0,0,0,0,0,0,0.384,0.384,0.375,0.375,0,0,0,0,0.383,0.383,0.381,0.381,0,0,-0.376,0,0,0.414,0.414,0,0,0,0.393,0.393,0.398,0
TCGA-FG-7636,490,1,544,0,1,0,0,0,0,0,0,0,0,0,0,0,-1,-1,-1,-1,-1,0,0,0,0,0,0,0,0,0,0,0,0,0,0,2,-1,-1,-1,-1,-1,-1,0,-1,0,0,0,0,0,0,0,-0.178,-0.178,0,0,0,-0.402,0,0,0,0,-0.49,0,0,0,0,0,0,0,0,0,-0.127,0,0,0,0,0,0,0,0,0,-0.185,0
TCGA-FG-7637,491,1,1219,0,1,,,,,,,,,,,,,,,,,,,,,,,,,,,,,,,,,,,,,,,,,,,,,,,,,,,,,,,,,,,,,,,,,,,,,,,,,,,,,,
TCGA-FG-7638,492,1,686,1,1,0,0,0,0,0,0,0,0,0,0,0,0,0,0,0,0,0,0,0,0,0,0,0,0,0,0,-1,-2,0,0,0,0,0,0,0,0,0,0,0,2,0,0,0,0,0,0,-0.219,-0.219,0,0,0,0,0,0,0,0,0,0,0,0,0,0,0,0,0,0,0,0,0,0,0,0,0,0,0,0,0,0
TCGA-FG-7641,493,1,627,1,1,0,0,0,0,0,0,0,0,0,0,0,0,0,0,0,0,0,0,0,0,0,0,0,0,0,0,-1,-1,-1,-1,0,0,0,0,0,0,0,0,0,0,0,0,0,0,0,0,0,0,0,0,0,0,0,0,0,0,0,0,0,0,0,0,0,0,-0.549,0,0,0,0,0,0,0,0,0,0,0,0,0
TCGA-FG-7643,494,1,611,0,0,1,0,0,1,1,1,1,1,1,0,0,0,0,0,0,0,-1,-1,-1,-1,-1,-1,-1,-1,0,0,0,0,0,0,0,0,0,0,0,0,0,1,0,1,-1,0,0,0,0,0,0,0,0,0,0,0,0.277,0.277,0,0,0,0,-0.271,-0.271,0,0,0,0,0,-0.271,0,0,0,0,0,0,0,0.218,0,0,0,-0.201
TCGA-FG-8181,495,1,862,0,0,0,0,0,0,0,0,0,0,0,0,0,0,0,0,0,0,0,0,0,0,0,0,0,0,0,0,0,0,0,0,0,0,0,0,0,0,0,0,0,0,0,0,0,0,0,0,0,0,0,0,0,0,0,0,0,0,0,0,0,0,0,0,0,0,0,0,0,0,0,0,0,0,0,0,0,0,0,0
TCGA-FG-8182,496,1,416,0,1,1,0,0,2,2,1,2,2,2,0,0,0,0,0,0,0,0,0,0,0,0,0,0,0,0,0,0,0,0,0,0,0,0,0,0,0,0,1,0,0,0,0,0,0,0,0,0,0,0,0,0,0,0.145,0.145,0,0,0,0,0,0,0,0,0.322,0,0,0,0,0,0,0,0,0,0,0,0,0,0,0
TCGA-FG-8185,497,1,433,0,1,0,-1,0,0,0,0,0,0,0,2,2,0,0,0,-1,-1,0,0,0,0,0,0,0,0,0,0,-1,-1,0,0,0,0,0,0,0,0,0,0,-1,0,0,-0.205,0,0,0,0,0,0,0,0,0,0,0,0,0,0,-0.866,0,0,0,0,0,0,0,0,0,0,0,0,0,0,0,0,0,0,0,0,0
TCGA-FG-8186,498,1,487,1,1,0,0,0,1,1,1,1,1,1,0,0,0,0,0,0,0,0,0,0,0,0,0,0,0,0,0,-1,-1,0,0,0,0,0,0,0,0,0,0,0,1,0,0,0,0,0,0,0,0,0,0,0,0,0,1.444,0,0,0,0,0,0,0,0,0,0,0,0,0,0,0,0,0,0,0,0.102,0,0,0,0
TCGA-FG-8187,499,1,611,1,1,0,0,0,0,0,0,0,0,0,0,0,0,0,0,0,0,0,0,0,0,0,0,0,0,0,0,-1,-1,0,0,0,0,0,0,0,0,0,0,0,2,0,0,0,0,0,0,0,0,0,0,0,0,0,0,0,0,0,0,0,0,0,0,0,0,0,0,0,0,0,0,0,0,0,0,0,0,0,0
TCGA-FG-8188,500,1,455,0,1,0,0,2,0,0,0,0,0,0,0,0,0,0,0,0,0,-2,0,0,0,0,0,0,0,0,0,0,0,-1,-1,0,0,0,0,0,0,0,-2,0,2,0,0,0,0,0,0,0,0,0,0,0,0,0,0,0,0,0,0,0,0,0,0,0,0,-0.115,0,0,0,0,0,0,-0.157,-0.157,0.102,0,0,0,0
TCGA-FG-8189,501,1,685,0,1,0,0,0,0,0,0,0,0,0,-1,-1,0,0,0,0,0,0,0,0,0,0,0,0,0,0,0,-1,-1,0,0,0,0,0,0,0,0,0,0,0,0,0,0,0,0,0,0,0,0,0,0,0,0,0,0,0,0,0,0,0,0,0,0,0,0,0,0,0,0,0,0,0,0,0,0,0,0,0,0
TCGA-FG-8191,502,1,992,0,1,0,0,0,0,0,0,0,0,0,0,0,0,0,0,0,0,0,-1,-1,-1,-1,-1,-1,-1,0,0,0,0,0,0,0,-1,-1,-1,-1,-1,-1,0,0,0,0,0,0,0,0,0,0,0,0,0,-0.682,-0.682,0,0,0,0,0,0,0,0,0,0,0.143,0,0,-0.104,0,0,0,0,0,0,0,0,0,0,0,0
TCGA-FG-A4MT,503,1,1164,0,1,0,0,1,0,0,0,0,0,0,0,0,0,0,0,0,0,0,-1,-1,-1,-1,-1,-1,-1,0,0,0,0,0,0,0,-1,-1,-1,-1,-1,-1,0,0,0,0,0,0,0,0,0,0,0,0,0,-0.949,-0.949,0,0,0.131,0.131,0,0,0,0,0,0,0,0,0,0,0,0,0,0,0,0,0,0,0,0,0,0
TCGA-FG-A4MU,504,1,326,0,0,2,0,0,1,1,1,1,1,1,0,0,0,0,0,-1,-1,-1,0,0,0,0,0,0,0,0,0,0,0,0,0,0,0,0,0,0,0,0,1,0,1,-1,0,0,0,0,0,0,0,0,0,0,0,0.813,0.813,0,0,0,0,-0.836,-0.836,0,0,0,0,0,0,0,0,0,0,0,0,0,0.66,0.769,0.769,0,0
TCGA-FG-A4MW,505,0,559,0,0,2,2,0,1,1,1,1,1,1,0,0,-1,-1,-1,-2,-2,-1,0,0,0,0,0,0,0,0,0,0,0,0,0,0,0,0,0,0,0,0,1,-1,1,-1,0,0,0,0,0,0,0,0,0,0,0,0.716,0.716,0,0,-0.728,0,-0.741,-0.741,-0.122,-0.122,0,0,0,0,-0.7,-0.115,-0.115,0,0,0,0,0.655,0,0,0,0
TCGA-FG-A4MX,506,1,569,0,1,0,0,0,0,0,0,0,0,0,0,0,0,0,0,-1,-1,0,0,0,0,0,0,0,0,0,0,0,0,0,0,0,0,0,0,0,0,0,0,-1,0,0,0,0,0,0,0,0,0,0,0,0,0,0,0,0,0,-0.931,0,0,0,0,0,0,0,0,0,0,0,0,0,0,0,0,0,0,0,0,0
TCGA-FG-A4MY,507,1,721,0,1,0,0,2,0,0,0,0,0,0,0,0,1,1,1,-1,-1,0,-1,-1,-1,-1,-1,-1,-1,0,0,0,0,-1,-1,0,0,0,0,0,0,0,0,-1,0,0,0,0,0,0,0,0,0,0,0,0,0,0,0,0.895,0.895,0,0.671,0.317,0,0,0,0,0,0,0,0,0,0,-0.14,-0.14,0,0,0,0,0,0,-0.753
TCGA-FG-A60J,508,1,449,0,1,0,0,0,0,0,0,0,0,0,0,0,0,0,0,0,0,0,0,0,0,0,0,0,0,0,0,0,0,-1,-1,0,0,0,0,0,0,0,0,0,0,0,0,0,0,0,0,-0.113,-0.113,0,0,0,0,0,0,0,0,0,0,0,0,0,0,0,0,-0.84,0,0,0,0,0,0,0,0,0,0,0,-0.851,0
TCGA-FG-A60K,509,1,542,1,1,0,0,0,0,0,0,0,0,0,0,0,0,0,0,0,0,0,0,0,0,0,0,0,0,0,0,-1,-1,0,0,0,0,0,0,0,0,0,0,0,1,0,0,0,0,0,0,0,0,0,0,0,0,0,0,0,0,0,0,0,0,0,0,0,0,0,0,0,0,0,0,0,0,0,0.117,0,0,0,0
TCGA-FG-A60L,510,1,655,0,1,0,0,0,1,1,1,1,1,1,0,0,0,0,0,0,0,0,0,0,0,0,0,0,0,0,0,0,0,-1,-1,0,0,0,0,0,0,0,0,0,0,0,0,0,0,0,0,0,0,0,0,0,0,0,0,0,0,0,0,0.951,0,-0.406,0.401,0,0,-0.6,0,0,0,0,0,0,0,0,0,0,0,0,0
TCGA-FG-A6IZ,511,1,457,1,1,0,0,0,0,0,0,0,0,0,0,0,0,0,0,0,0,0,0,0,0,0,0,0,0,0,0,-1,-1,-1,-1,0,0,0,0,0,0,0,0,0,0,0,0,0,0,0,0,-0.436,-0.436,0,0,0,0,0,0,0,0,0,0,0,0,0,0,0,0,-1.002,0,0,0,0,0,0,0,0,0,0,0,0,0
TCGA-FG-A6J1,512,1,500,1,1,0,0,0,0,0,0,0,0,0,0,0,0,0,0,0,0,0,0,0,0,0,0,0,0,0,0,-1,-1,0,0,0,0,0,0,0,0,0,0,0,0,0,0,0,0,0,0,-0.477,-0.477,0,0,0,0,0,0,0,0,0,0,0,0,0,0,0,0,0,0,0,0,0,0,0,0,0,0,0,0,0,0
TCGA-FG-A6J3,513,1,677,0,1,0,0,0,0,0,0,0,0,0,0,0,-1,-1,-1,-1,-1,-1,-1,-1,-1,-1,-1,-1,-1,-1,-1,0,0,-2,-2,0,-1,-1,-1,-1,-1,-1,0,-1,0,-1,0,-0.326,-0.326,0,0,0,-0.344,-0.328,-0.328,0.363,-0.311,0,0,0,0,0,0.335,0,-0.364,0,0,-0.823,0,-0.5,-0.322,-0.409,0,0,0.346,0.346,0,0,0,0.402,0.402,0,0
TCGA-FG-A70Y,514,1,868,0,1,0,0,2,0,0,0,0,0,0,0,0,0,0,0,-2,-2,0,0,0,0,0,0,0,0,0,0,0,0,-2,-2,-2,0,0,0,0,0,0,0,0,1,0,0,0,0,0,0,0,0,0,0,0,0,0,0,0,0,0,0,0.642,0,0,0,0,0,0,0,0,0,0,0,0,0,0,0,0,0,0,0
TCGA-FG-A711,515,0,1481,0,1,0,0,0,1,1,2,1,1,1,0,0,0,0,0,-1,-1,-2,0,0,0,0,0,0,0,0,0,0,0,0,0,0,0,0,0,0,0,0,0,-1,0,0,0,0,0,0,0,0,0,0,0,0,0,0.674,0.674,0,0,-0.456,0,0,0,0,0,0,0,0,0,0,0,0,0,0,0,0,0,0,0,0,0
TCGA-FG-A713,516,1,622,1,1,0,0,0,0,0,0,0,0,0,0,0,0,0,0,0,0,0,0,0,0,0,0,0,0,0,0,-1,-1,0,0,0,0,0,0,0,0,0,0,0,0,0,0,0,0,0,0,0,0,0,0,0,0,0,0,0,0,0,0,0,0,0,0,0,0,0,0,0,0,0,0,0,0,0,0,0,0,0,0
TCGA-FG-A87N,517,1,567,0,1,0,0,0,0,0,0,0,0,0,0,0,0,0,0,-2,-2,-1,0,0,0,0,0,0,0,0,0,0,0,0,0,0,0,0,0,0,0,0,0,0,0,-1,0,0,0,0,0,0,0,0,0,0,0,0,0,0,0,0,0.828,0.699,0.699,0,0,0,0,0,0,0,0,0,0,0,0,0,0,-0.886,0,0,0
TCGA-FG-A87Q,518,1,174,0,0,2,0,0,1,1,1,1,1,1,0,0,0,0,0,-2,-2,-1,0,0,0,0,0,0,0,0,0,-1,-2,-1,-1,0,0,0,0,0,0,0,1,-1,1,-1,0,0,0,0,0,0.228,0.228,0,0,0,0,0.507,0.507,0,0,-0.516,-0.516,-0.528,-0.528,0,0,0,0,-0.516,0,0,0,0,0,0,0,0,0.456,0,0,0,0
TCGA-FN-7833,519,1,837,0,1,0,0,0,0,0,0,0,0,0,0,0,0,0,0,0,0,0,0,0,0,0,0,0,0,0,0,0,0,0,0,0,-2,-2,-2,-2,-2,-2,-2,0,0,0,0,0,0,0,0,0,0,0,0,0,0,0,0,0,0,0,0,0,0,0,0,0,0,0,0,0,0,0,0,0,0,0,0,0,0,0,0
TCGA-HT-7467,520,1,3,1,1,0,0,0,0,0,0,0,0,0,0,0,0,0,0,0,0,0,0,0,0,0,0,0,0,0,0,-1,-1,0,0,0,0,0,0,0,0,0,0,0,0,0,0,0,0,0,0,-0.175,-0.175,0,0,0,0,0,0,0,0,0,0,0,0,0,0,0,0,0,0,0,0,0,0,0,0,0,0,0,0,0,0
TCGA-HT-7468,521,1,203,1,1,0,0,0,0,0,0,0,0,0,0,0,-1,-1,-1,0,0,0,0,0,0,0,0,0,0,0,0,-1,-1,0,0,0,0,0,0,0,0,0,0,0,1,0,0,0,0,0,0,-0.174,-0.174,0,0,0,0,0,0,0,0,0,0,0,0,0,0,0,0,0,0,-0.837,0,0,0,0,0,0,-0.703,0,0,0,0.127
TCGA-HT-7469,522,0,351,0,0,0,0,0,0,0,0,0,0,0,0,0,0,0,0,-1,-1,-1,0,0,0,0,0,0,0,-1,-1,0,0,-1,-1,0,1,1,1,1,1,1,0,1,1,-1,0,-0.448,0,-0.971,-0.958,-0.913,-0.913,0,0,0.117,0.117,0,0,0,0,0,0,0,0,0,0,0.123,0,-0.693,0,0,0,-0.374,0,0,0,0,0.115,0,0,0,0
TCGA-HT-7470,523,0,1220,0,1,0,0,0,0,0,0,0,0,0,0,0,0,0,0,-1,-1,0,0,0,0,0,0,0,0,-1,-1,0,0,-1,-1,0,0,0,0,0,0,0,-1,-1,0,0,0,0,0,0,0,0,0,0,0,0,0,0,0,0,0,0,0,0.356,0,-0.69,0,-0.138,-0.138,-0.291,0,0,0,0,0,0,0,0,0,0,0,0,0
TCGA-HT-7471,524,1,4,1,1,0,0,0,0,0,0,0,0,0,0,0,0,0,0,-1,-1,-1,0,0,0,0,0,0,0,0,0,-1,-1,-1,-1,0,0,0,0,0,0,0,0,-1,0,-1,0,0,0,0,0,-0.412,-0.412,0,0,0,0,0,0,0,0,-0.398,-0.398,-0.409,-0.409,0,0,0,0,-0.824,0,0,0,0,0,0,0,0,0,0,0,0,0
TCGA-HT-7473,525,1,503,0,1,1,0,1,1,1,1,1,1,1,0,0,0,0,0,0,0,-2,0,0,0,0,0,0,0,0,0,0,0,0,0,0,0,0,0,0,0,0,1,0,0,0,0,0,0,0,0,0,0,0,0,0,0,0.722,0.722,0,0,0,0,0.688,0,0,0,0.43,0,0,0,0,0,0,0,0,0,0,0,0,0,0,0
TCGA-HT-7474,526,1,114,0,1,0,0,0,0,0,0,0,0,0,0,0,0,0,0,1,1,0,0,0,0,0,0,0,0,0,0,0,0,0,0,0,0,0,0,0,0,0,0,1,0,0,0,0,0,0,0,0,0,-0.571,0,0,0,0,0,0,0,0.568,0,0,0,0.2,0.2,0,-0.155,0,0,0,0,0,0,0,0,0,0,0.497,0,0,0
TCGA-HT-7475,527,1,530,0,1,0,1,2,2,0,2,2,2,2,1,1,0,0,0,-1,-1,0,0,0,0,0,0,0,0,0,0,0,0,-1,-1,0,-1,-1,-1,-1,-1,-1,0,-1,0,0,0.569,0,0,0,0,-0.841,0,-0.821,-0.821,0,-0.817,0,0.809,0,0,0,0,0,0,0,0,0,0,0,0,0,0,0,0,0,0,0,0,0,0,0,0
TCGA-HT-7476,528,1,199,0,1,0,0,1,0,0,0,0,0,0,0,0,0,0,0,-2,-2,-1,0,0,0,0,0,0,0,0,0,0,0,-1,-1,0,0,0,0,0,0,0,0,-1,0,-1,0,0,0,0,0,0,0,0,0,0,0,0,0,0.666,0.666,0,0,0.511,0.232,0,0,0,0,-0.262,0,0,0,0,0,0,-0.156,-0.156,0,0,0,0,0
TCGA-HT-7477,529,1,738,0,1,1,-1,2,1,1,1,1,1,1,1,1,-1,-1,-1,-2,-2,0,-1,-1,-1,-1,-1,-1,-1,-1,-1,-1,0,-1,-1,0,0,0,0,0,0,0,-1,-1,0,0,-0.324,-0.6,-0.297,-0.742,-0.742,1.091,0.149,0.163,-0.243,0,0,0.143,0.143,2.335,2.335,0,-0.132,0,0,-0.182,-0.182,0,0,-0.475,0.206,0.246,-0.397,0,0.197,0.197,-0.23,-0.345,0,0.196,0.196,0,-0.891
TCGA-HT-7478,530,1,194,0,1,0,0,0,0,0,0,0,0,0,0,0,0,0,0,0,0,0,0,0,0,0,0,0,0,0,0,0,0,0,0,0,0,0,0,0,0,0,0,0,-1,0,0,0,0,0,0,0,0,0,0,0,0,0,0,0,0,0,0,0,0,-0.578,0,-0.046,-0.574,0,0,0,0,0,0,0,0,0,0,0,0,0,0
TCGA-HT-7479,531,1,1227,0,1,0,0,1,0,0,0,0,0,0,0,0,0,0,0,0,0,0,0,0,0,0,0,0,0,0,0,0,0,0,0,0,0,0,0,0,0,0,0,0,0,0,0,0,0,0,0,0,0,0,0,0,0,0,0,0.488,0.488,0,0,0.445,0,0,0,0,0,0,0,0,0,0,0,0,0,0,0,0,0,0,0
TCGA-HT-7480,532,1,2287,1,1,0,0,0,0,0,0,0,0,0,0,0,-1,-1,-1,0,0,0,0,0,0,0,0,0,0,0,0,-1,-1,0,0,0,0,0,0,0,0,0,0,0,2,0,0,0,0,0,0,-0.238,-0.238,0,0,0,0,0,0,0,0,0,0,0,0,0,0,0,0,0,0,-0.444,0,0,0,0,-0.23,-0.23,-0.704,0,0,0,0
TCGA-HT-7481,533,1,2918,1,1,0,0,0,0,0,0,0,0,0,0,0,0,0,0,0,0,0,0,0,0,0,0,0,0,0,0,-1,-1,0,0,0,0,0,0,0,0,0,0,0,0,0,0,0,0,0,0,0,0,0,0,0,0,0,0,0,0,0,0,0,0,0,0,0,0,0,0,0,0,0,0,0,0,0,0,0,0,0,0
TCGA-HT-7482,534,1,3253,0,1,0,0,1,0,0,0,0,0,0,0,0,0,0,0,0,0,0,0,0,0,0,0,0,0,0,0,0,0,-1,-1,0,0,0,0,0,0,0,0,0,0,0,0,0,0,0,0,0,0,0,0,0,0,0,0,0.727,0.727,0,0,0.361,0,0,0,0,0,-0.648,0,0,0,0,0,0,0,0,0,0,0,0,0
TCGA-HT-7483,535,1,5255,0,1,0,0,0,0,0,0,0,0,0,0,0,0,0,0,0,0,-1,0,0,0,0,0,0,0,0,0,0,0,-1,-1,0,0,0,0,0,0,0,0,0,0,0,0,0,0,0,0,0,0,0,0,0,0,0,0,0,0,0.624,0.624,1.281,-0.792,0,0,0,0,0,0,0,0,0,0,0,0,0,0,0,0,0,0
TCGA-HT-7485,536,1,122,0,1,0,0,0,0,0,0,0,0,0,0,0,-2,0,-2,0,0,-2,0,0,0,0,0,0,0,0,0,0,0,0,0,0,0,0,0,0,0,0,0,0,0,0,0,0,0,0,0,0,0,0,0,0,0,0,0,0,0,0,0,0,0,0,0,0,0,0,0,0,0,0,0,0,0,0,0,0,0,0,0
TCGA-HT-7601,537,1,153,0,1,0,0,0,0,0,0,0,0,0,0,0,0,0,0,0,0,0,0,0,0,0,0,0,0,0,0,0,0,0,0,0,0,0,0,0,0,0,0,0,0,0,0,0,0,0,0,0,0,0,0,0,0,0,0,0,0,0,0,0,0,-0.634,0.594,0,0,0,0,0,0,0,0,0,0,0,0,0,0,0,0
TCGA-HT-7602,538,1,908,0,1,0,0,0,0,0,0,0,0,0,0,0,0,0,0,0,0,0,0,0,0,0,0,0,0,0,0,0,0,0,0,0,0,0,0,0,0,0,0,0,0,0,0,0,0,0,0,0,0,0,0,0,0,0,0,0,0,0,0,0,0,0,0,0,0,0,0,0,0,0,0,0,0,0,0,0,0,0,0
TCGA-HT-7603,539,1,705,0,1,0,2,0,0,0,0,0,0,0,0,0,0,0,0,0,0,0,0,0,0,0,-2,0,0,0,0,0,0,0,0,0,0,0,0,0,0,0,0,0,0,0,0,0,0,0,0,0,0,0,0,0,0,0,0,0,0,0,0,0,0,0,0,0,0,0,0,0,0,0,0,0,0,0,0,0,0,0,0
TCGA-HT-7604,540,1,3725,0,1,0,0,1,1,1,1,1,1,1,0,0,0,0,0,0,0,0,0,0,0,0,0,0,0,0,0,0,0,-1,-1,0,0,0,0,0,0,0,1,0,0,0,0,0,0,0,0,0,0,0,0,0,0,0,0.805,0,0,0,0,0,0,0,0.151,1.809,0,-0.133,0,0,0,0,0,0,0,0,0,0,0,0,0
TCGA-HT-7605,541,1,139,1,1,0,0,0,0,0,0,0,0,0,0,0,0,0,0,0,0,0,0,0,0,0,0,0,0,0,0,-1,-1,-1,-1,0,0,0,0,0,0,0,0,0,1,0,-0.669,0,0,0,0,0,0,0,0,0,0,0,0,0,0,0,0,0,0,0,0,0,0,-0.13,0,0,0,0,0,0,0,0,0,0,0,0.133,0
TCGA-HT-7606,542,1,526,0,1,0,0,0,0,0,0,0,0,0,0,0,-1,-1,-1,-1,-1,-1,-1,-1,-1,-1,-1,-1,-1,0,0,0,0,-1,-1,1,-1,-1,-1,-1,-1,-1,0,-1,-1,-1,0,0,0,0.167,0.167,0,0,0,0,0.727,-0.183,0,0,0,0,-0.863,0,0,0,0,0,0,0,-0.126,0,-0.357,0,0,0,0,0,-0.76,0,0,0,0,0
TCGA-HT-7607,543,0,96,1,1,0,0,0,0,0,0,0,0,0,0,0,0,0,0,0,0,0,0,0,0,0,0,0,0,0,0,-1,-1,0,0,0,0,0,0,0,0,0,0,0,0,0,0,0,0,0,0,0,0,0,0,0,0,0,0,0,0,0,0,0,0,0.367,0.367,0,0,0,0,0,0,0,0,0,0,0,0,0,0,0,0
TCGA-HT-7608,544,1,671,1,1,0,0,0,0,0,0,0,0,0,0,0,0,0,0,0,0,0,0,0,0,0,0,0,0,0,0,-1,-1,0,0,0,0,0,0,0,0,0,0,0,2,0,0,0,0,0,0,0,0,0,0,0,0,0,0,0,0,0,0,0,0,0,0,0,0,0,0,0,0,0,0,0,0,0,0,0,0,0,0
TCGA-HT-7609,545,1,1399,0,1,0,0,0,0,0,0,0,0,0,0,0,-1,-1,-1,0,0,0,0,0,0,0,0,0,0,0,0,0,0,0,0,0,0,0,0,0,0,0,0,0,0,0,0,0,0,0,0,0,0,0,0,0,0,0,0,0,0,0,0,0,0,0,0,0,0,0,0,-0.265,0,0,0,0,-0.103,-0.103,0,0,0,0,0
TCGA-HT-7610,546,1,1706,0,1,0,0,0,1,1,1,1,1,1,0,0,0,0,0,0,0,0,0,0,0,0,0,0,0,2,2,0,0,0,0,0,0,0,0,0,0,0,0,0,0,0,0,0,0,0,0,0,0,0,0,0,0,0,0.413,0,0,0,0,0,0,0,0,0,0,0,0,0,0,0,0,0,0,0,0,0,0,0,0
TCGA-HT-7611,547,1,1752,0,1,0,0,0,0,0,0,0,0,0,0,0,0,0,0,0,0,0,0,0,0,0,0,0,0,0,0,0,0,2,2,0,0,0,0,0,0,0,0,0,0,0,0,0,0,0,0,0,0,0,0,0,0,0,0,0,0,0,0,0,0,0,0,0,0,0.157,0,0,0,0,0,0,0,0,0,0,0,0,0
TCGA-HT-7616,548,0,7,1,1,0,0,0,0,0,0,0,0,0,0,0,-1,-1,-1,0,0,0,-1,-1,-1,-1,-1,-1,-1,0,0,-1,-1,-1,-1,0,0,0,0,0,0,0,0,0,0,0,0,0,0,0,0,0,0,0,0,0,0,0,0,0,0,0,0,0,0,0,0,0,0,0,-0.236,-0.331,0,0,0,0,-0.61,-0.61,0,0,0,0,0
TCGA-HT-7620,549,1,434,1,1,0,0,0,0,0,0,0,0,0,0,0,0,0,0,0,0,0,0,0,0,0,0,0,0,0,0,-1,-1,0,0,0,0,0,0,0,0,0,0,0,0,0,0,0,0,0,0,0,0,0,0,0,0,0,0,0,0,0,0,0,0,0,0,0,0,0,0,0,0,0,0,0,0,0,0,0,0,0,0
TCGA-HT-7676,550,1,5,0,1,0,0,2,0,0,0,0,0,0,0,0,0,0,0,0,0,0,0,0,0,0,0,0,0,0,0,0,0,0,0,0,0,0,0,0,0,0,0,0,0,0,0,0,0,0,0,0,0,0,0,0,0,0,0,0,0,0,0,0,0,0,0,0,0,0,0,0,0,0,0,0,0,0,0,0,0,0,0
TCGA-HT-7677,551,1,494,1,1,0,0,0,0,0,0,0,0,0,2,2,0,0,0,0,0,0,0,0,0,0,0,0,0,0,0,-1,-1,0,0,0,0,0,0,0,0,0,0,0,0,0,0,0,0,0,0,-0.184,-0.184,0,0,0,0,0,0,0,0,0,0,0,0,0,0,0,0,0,0,0,0,0,0,0,0,0,0,0,0,0,0
TCGA-HT-7680,552,1,23,0,0,0,0,0,0,0,0,0,0,0,0,0,0,0,0,0,0,0,0,0,0,0,0,0,0,0,0,0,0,0,0,0,0,0,0,0,0,0,0,0,0,0,0,0,0,0,0,0,0,0,0,0,0,0,0,0,0,0,0,0,0,0,0,0,0,0,0,0,0,0,0,0,0,0,0,0,0,0,0
TCGA-HT-7681,553,1,1359,1,1,0,0,0,0,0,0,0,0,0,0,0,0,0,0,0,0,0,0,0,0,0,0,0,0,0,0,-1,-1,0,0,0,0,0,0,0,0,0,0,0,2,0,0,0,0,0,0,0,0,0,0,0,0,0,0,0,0,0,0,0,0,0,0,0,0,0,0,0,0,0,0,0,0,0,0,0,0,0,0
TCGA-HT-7684,554,1,184,0,1,0,0,0,0,0,0,0,0,0,0,0,0,0,0,0,0,0,0,0,0,0,0,0,0,0,0,0,0,0,0,0,0,0,0,0,0,0,0,0,0,0,0,0,0,0,0,0,0,0,0,0,0,0,0,0,0,0,0,0,0,0.638,0.638,0,0,0,0,0,0,0,0,0,0,0,0,0,0,0,0
TCGA-HT-7686,555,1,1300,0,1,0,0,0,0,0,0,0,0,0,0,0,0,0,0,0,0,0,0,0,0,0,0,0,0,0,0,1,1,0,0,0,0,0,0,0,0,0,0,0,0,0,0,0,0,0,0,0,0,0,0,0,0,0,0,0,0,0,0,0,0,-0.725,0,-0.219,-0.71,0,0,0,0,0,0,0,0,0,0,0,0,0,-0.113
TCGA-HT-7687,556,1,3,1,1,0,0,0,0,0,0,0,0,0,0,0,0,0,0,-1,-1,0,0,0,0,0,0,0,0,0,0,-1,-1,0,0,0,0,0,0,0,0,0,0,-1,1,0,0,0,0,0,0,0,0,0,0,0,0,0,0,0,0,-0.221,-0.221,0,0,0,0,0,0,0,0,0,0,0,0,0,0,0,0.11,0,0,0,0
TCGA-HT-7688,557,1,964,0,1,1,1,0,1,1,1,1,1,1,1,1,0,0,0,-1,-1,-1,-1,-1,-1,-1,-1,-1,-1,0,0,0,0,-1,-1,0,-1,-1,-1,-1,-1,-1,1,-1,-1,0,0.507,0,0,0,0,0.215,0.018,-0.26,0,0,-0.336,0.118,0.118,-0.264,0,0,0,0.56,0,0,0.167,0,-0.276,-0.542,-0.383,0,0,0,0,0,-0.111,-0.111,-0.167,0,0,0,-0.179
TCGA-HT-7689,558,1,455,0,1,0,0,1,0,0,0,0,0,0,0,0,0,0,0,-1,-1,0,-1,-1,-1,-1,-1,-1,-1,0,0,0,0,-1,-1,0,-1,-1,-1,-1,-1,-1,0,-1,0,0,0,0,0,0,0,0,0,0,0,0,-0.632,0,0,0,0,-0.644,-0.285,0,0,0,0,0,0,-0.672,-0.289,0,0,0,-0.113,-0.113,0,0,0,0,0,-0.116,0
TCGA-HT-7690,559,1,3,0,1,0,0,0,0,0,0,0,0,0,0,0,0,0,0,0,0,-1,0,0,0,0,0,0,0,0,0,0,0,-1,-1,0,0,0,0,0,0,0,0,0,0,0,0,-0.64,-0.64,-0.74,0,0,0,0,0,0,0,0,0,0,0,0,0,0,0,0,0,0,-0.165,-0.731,0,0,0,0,0,0,0,0,0,0,0,0,-0.737
TCGA-HT-7692,560,1,90,1,1,0,0,0,0,0,0,0,0,0,0,0,0,0,0,-1,-1,0,0,0,0,0,0,0,0,0,0,-1,-1,-1,-1,-1,-1,-1,-1,-1,-1,-1,0,-1,0,0,0,-0.387,-0.387,0,0,-0.449,-0.449,0,0,-0.401,-0.401,0,0,0,0,-0.368,-0.368,0,0,0,0,0,0,-0.432,0,0,0,0,0,0,-0.893,-0.893,0,0,0,0,0
TCGA-HT-7693,561,1,533,0,1,0,0,0,1,1,1,1,1,1,0,0,0,0,0,0,0,-1,0,0,0,0,0,0,0,0,0,0,0,0,0,0,0,0,0,0,0,0,0,0,0,0,0,0,0,0,0,0,0,0,0,0,0,0,0.899,0,0,0,0,0,0,-0.074,0.814,0,0,0,0,0,0,0,0,0,0,0,0,-0.811,0.021,0,0
TCGA-HT-7694,562,1,210,1,1,0,0,0,0,0,0,0,0,0,0,0,0,0,0,0,0,0,0,0,0,0,0,0,0,0,0,-1,-1,0,0,0,0,0,0,0,0,0,0,0,0,0,0,0,0,0,0,0,0,0,0,0,0,0,0,0,0,0,0,0,0,0,0,0,0,0,0,0,0,0,0,0,0,0,0,0,0,0,0
TCGA-HT-7695,563,1,442,1,1,0,0,0,0,0,0,0,0,0,0,0,0,0,0,0,0,0,0,0,0,0,0,0,0,0,0,-1,-1,0,0,0,0,0,0,0,0,0,0,0,0,0,0,0,0,0,0,0,0,0,0,0,0,0,0,0,0,0,0,0,0,0,0,0,0,0,0,0,0,0,0,0,0,0,0.1,0,0,0,0
TCGA-HT-7854,564,1,1201,0,0,0,0,0,0,0,0,0,0,0,0,0,0,0,0,0,0,0,0,0,0,0,0,0,0,0,0,0,0,0,0,0,0,0,0,0,0,0,0,0,0,0,0,0,0,0,0,0,0,0,0,0,0,0,0,0,0,0,0,0,0,0,0,0,0,0,0,0,0,0,0,0,0,0,0,0,0,0,0
TCGA-HT-7855,565,1,585,0,1,0,0,1,0,0,0,0,0,0,0,0,0,0,0,-2,-2,0,0,0,0,0,0,0,0,0,0,0,0,0,0,-1,-1,-1,-1,-1,-1,-1,0,-2,0,0,0,0,0,0,0,0,0,0,0,-0.126,-0.126,0,0,0.323,0.323,0,0,0,0,0,0,0,0,0,0,0,0,0,0,0,0,0,0,0,0,0,0
TCGA-HT-7856,566,1,1189,1,1,0,0,0,0,0,0,0,0,0,0,0,0,0,0,0,0,0,0,0,0,0,0,0,0,0,0,-1,-1,-1,-1,0,0,0,0,0,0,0,0,0,0,0,0,0,0,0,0,0,-0.25,0,0,0,0,0,0,0,0,0,0,0,0,0,0,0,0,0.376,0,0,0,0,0,0,0,0,0,0,0,0,0
TCGA-HT-7857,567,1,7,0,0,0,-1,0,0,0,0,0,0,0,-1,-1,0,0,0,-2,-2,-1,0,0,0,0,0,0,0,0,0,-1,-1,-1,-1,0,0,0,0,0,0,0,0,0,-1,-1,-0.121,0,0,0,0,0.546,0.546,0,0,0,0,0,0,0,0,0,0,-0.142,-0.142,0,0,0,0,-0.161,0,0,0,0,0,0,-0.239,-0.239,-0.141,0,0,-0.498,0
TCGA-HT-7858,568,1,1540,0,1,0,0,0,0,0,0,0,0,0,0,0,0,0,0,0,0,0,-1,0,0,0,-1,0,0,0,0,0,0,0,0,0,0,0,0,0,0,0,0,0,0,0,0,0,0,0,0,0,0,0,0,0,0,0,0,0,0,0,0,0,0,0,0,0,0,0,0,0,0,0,0,0,-0.5,0,0,0,0,0,0
TCGA-HT-7860,569,1,15,0,0,1,0,0,1,1,1,1,1,1,0,0,0,0,0,-2,-2,-1,0,0,0,0,0,0,0,0,0,0,-1,0,0,0,0,0,0,0,0,0,1,0,1,-1,0,0,0,0,0,0,0,0,0,0,0,0.668,0.668,0,0,0,0,-0.705,-0.705,0,0,0,0,0,0,0,0,0,0,0,0,0,0.633,0.688,0.688,0,-0.683
TCGA-HT-7873,570,1,718,0,1,0,0,1,0,0,0,0,0,0,0,0,0,0,0,0,0,-1,0,0,0,0,0,0,0,0,0,0,0,-1,-1,-1,0,0,0,0,0,0,0,0,-1,2,0,0,0,0,0,0,0,0,0,0,0,0,0,0,0,0,0,0,0,-0.806,0,0.763,0.763,0,0,0,0,0,0,0,0,0,0.585,0,0,0,0
TCGA-HT-7874,571,1,1130,1,1,0,0,0,0,0,0,0,0,0,0,0,0,0,0,0,0,0,0,0,0,0,0,0,0,0,0,-1,-1,0,0,0,0,0,0,0,0,0,0,0,0,0,0,0,0,0,0,0,0,0,0,0,0,0,0,0,0,0,0,0,0,0,0,0,0,0,0,0,0,0,0,0,0,0,0,0,0,0,0
TCGA-HT-7875,572,1,10,1,1,0,0,0,0,0,0,0,0,0,0,0,0,0,0,0,0,0,0,0,0,0,0,0,0,0,0,-1,-1,0,0,0,0,0,0,0,0,0,0,0,1,0,0,0,0,0,0,0,0,0,0,0,0,0,0,0,0,0,0,0,0,0,0,0,0,0,0,0,0,0,0,0,0,0,0.12,0,0,0,0
TCGA-HT-7877,573,1,4,1,1,0,0,0,0,0,0,0,0,0,0,0,0,0,0,0,0,0,0,0,0,0,0,0,0,0,0,-1,-2,0,0,0,0,0,0,0,0,0,0,0,0,0,0,0,0,0,0,0,0,0,0,0,0,0,0,0,0,0,0,0,0,0,0,0,0,0,0,0,0,0,0,0,0,0,0,0,0,0,0
TCGA-HT-7879,574,1,112,0,1,0,0,1,0,0,0,0,0,0,0,0,0,0,0,0,0,-2,0,0,0,0,0,0,0,-1,-1,0,0,0,0,0,0,0,0,0,0,0,0,0,0,0,0,0,0,0,0,0,0,0,-0.384,0,0,0,0,0,0,0,0,0.358,0,0,0,0,0,0,0,0,0,0,0,0,0,0,0,0,0,0,0
TCGA-HT-7880,575,1,162,0,1,0,0,0,0,0,0,0,0,0,0,0,0,0,0,0,0,0,0,0,0,0,0,0,0,0,0,0,0,0,0,0,0,0,0,0,0,0,0,0,0,0,0,0,0,0,0,0,0,0,0,0,0,0,0,0,0,0,0,0,0,0,0,0,0,0,0,0,0,0,0,0,0,0,0,0,0,0,0
TCGA-HT-7881,576,1,1079,1,1,0,0,0,0,0,0,0,0,0,0,0,0,0,0,0,0,0,0,0,0,0,0,0,0,0,0,-1,-1,0,0,0,0,0,0,0,0,0,0,0,0,0,0,0,0,0,0,0,0,0,0,0,0,0,0,0,0,0,0,0,0,0,0,0,0,0,0,0,0,0,0,0,0,0,0,0,0,0,0
TCGA-HT-7882,577,0,113,0,0,1,0,0,1,1,1,1,1,1,0,0,0,0,0,0,0,-1,0,0,0,0,0,0,0,0,0,0,0,0,0,0,0,0,0,0,0,0,1,0,1,-1,0,0,0,0,0,0,0,0,0,0,0,0.248,0.248,0,0,0,0,-0.25,-0.25,0,0,0,0,0,0,0,0,0,0,0,0,0,0.193,0.229,0.229,0,0
TCGA-HT-7884,578,1,343,0,1,0,0,0,1,1,1,1,1,1,0,0,0,0,0,0,0,0,0,0,0,0,0,0,0,-1,-1,0,0,0,0,-2,-2,-2,-2,-2,-2,-2,0,0,0,0,0,0,0,0,0,0,0,-0.111,-0.111,0,0,0.152,0.152,0,0,0,0,0,0,0,0,0.269,-0.104,0,0,0,0,0,0,0,0,0,0,0,0,0,0
TCGA-HT-7902,579,1,956,0,1,0,0,0,0,0,0,0,0,0,0,0,0,0,0,-1,-1,0,-1,-1,-1,-1,-1,-1,-1,-1,-1,0,0,-1,-1,0,0,0,0,0,0,0,0,-1,0,0,0,0,0,0,0,0,0,0,0,0,0,0,0,0,0,-0.111,0,0,0,-0.374,0,0,-0.17,-0.172,-0.225,0,0,0,0,0,0,0,0,0,0,-0.206,0
TCGA-HT-8010,580,1,50,1,1,0,0,0,0,0,0,0,0,0,0,0,0,0,0,0,0,0,0,0,0,0,0,0,0,0,0,-1,-1,0,0,0,0,0,0,0,0,0,0,0,0,0,0,0,0,0,0,0,0,0,0,0,0,0,0,0,0,0,0,0,0,0,0,0,0,0,0,0,0,0,0,0,0,0,0,0,0,0,0
TCGA-HT-8011,581,1,494,0,0,1,2,1,1,1,1,1,1,1,0,0,0,0,0,-2,-2,-1,0,0,0,0,0,0,0,0,0,0,0,0,0,0,0,0,0,0,0,0,1,0,0,-1,0,0,0,0,0,0,0,0,0,0,0,1.358,1.358,0.585,0.585,0,0,-0.811,-0.811,0,0,0,0,0,0,0,0,0,0,0,0,0,0,0,0,0,0
TCGA-HT-8012,582,1,286,1,1,0,0,0,0,0,0,0,0,0,0,0,-1,-1,-1,0,0,0,0,0,0,0,0,0,0,0,0,-1,-1,0,0,0,0,0,0,0,0,0,0,0,1,0,0,0,0,0,0,0,0,0,0,0,0,0,0,0,0,0,0,0,0,0,0,0,0,0,0,-0.755,0,0,0,0,0,0,0.131,0,0,0,0.112
TCGA-HT-8013,583,0,1933,0,1,1,0,1,1,1,1,1,1,1,0,0,0,0,0,0,0,0,0,0,0,0,0,0,0,0,0,0,0,0,0,0,0,0,0,0,0,0,1,0,0,0,0,0,0,0,0,0,0,0,0,0,0,0.74,0.74,0.733,0.733,0,0,0,0,-0.166,0,0,0,0,0,0,0,0,0,0,0,0,0,0,0,0,0
TCGA-HT-8015,584,1,3,0,0,0,0,0,0,0,0,0,0,0,0,0,0,0,0,0,0,0,0,0,0,0,0,0,0,0,0,0,0,0,0,0,0,0,0,0,0,0,0,0,0,0,0,0,0,0,0,0,0,0,0,0,0,0,0,0,0,0,0,0,0,0,0,0,0,0,0,0,0,0,0,0,0,0,0,0,0,0,0
TCGA-HT-8018,585,0,1152,0,1,0,0,0,0,0,0,0,0,0,0,0,0,0,0,0,0,0,0,0,0,0,0,0,0,-1,-1,0,0,0,0,0,0,0,0,0,0,0,0,0,0,0,0,0,0,0,0,0,0,0,0,0,0,0,0,0,0,0,0,0,0,-0.101,-0.101,0.126,-0.228,0,0,0,0,0,0,0,0,0,0,0,0,0,0
TCGA-HT-8019,586,1,1004,0,0,0,0,0,0,0,0,0,0,0,0,0,0,0,0,0,0,0,0,0,0,0,0,0,0,0,0,0,0,0,0,0,0,0,0,0,0,0,0,0,0,0,0,0,0,0,0,0,0,0,0,0,0,0,0,0,0,0,0,0,0,0,0,0,0,0,0,0,0,0,0,0,0,0,0,0,0,0,0
TCGA-HT-8104,587,1,372,0,0,2,2,0,1,1,1,1,1,1,0,0,0,0,0,-2,-2,-1,0,0,0,0,0,0,0,0,0,-1,0,0,0,0,0,0,0,0,0,0,1,-1,1,-1,0,0,0,0,0,0,0,0,0,0,0,0.606,0.606,0,0,-0.634,0,-0.697,-0.697,0,0,0,0,0,0,0,0,0,0,0,0,0,0.496,0.398,0.398,0,0
TCGA-HT-8105,588,1,190,1,1,0,0,0,0,0,0,0,0,0,0,0,0,0,0,0,0,0,0,0,0,0,0,0,0,0,0,-1,-1,0,0,0,0,0,0,0,0,0,0,0,0,0,0,0,0,0,0,-0.124,-0.124,0,0,0,0,0,0,0,0,0,0,0,0,0,0,0,0,0,0,0,0,0,0,0,0,0,0,0,0,0,0
TCGA-HT-8106,589,1,3,0,1,0,0,1,0,0,0,0,0,0,0,0,0,0,0,0,0,0,0,0,0,0,0,0,0,-1,-1,0,0,-1,-1,0,0,0,0,0,0,0,0,0,0,0,0,0,0,0,0,0,0,-0.163,-0.163,0,0,0,0,0.108,0.108,0,0,0.165,0,0,0,-0.137,-0.137,-0.12,0,0,0,0,-0.142,-0.142,0,0,0,0,0,-0.276,0
TCGA-HT-8107,590,1,14,0,0,0,0,0,0,0,0,0,0,0,0,0,0,0,0,0,0,0,0,0,0,0,0,0,0,0,0,0,0,0,0,0,0,0,0,0,0,0,0,0,0,0,0,0,0,0,0,0,0,0,0,0,0,0,0,0,0,0,0,0,0,0,0,0,0,0,0,0,0,0,0,0,0,0,0,0,0,0,0
TCGA-HT-8108,591,1,76,0,1,0,0,0,1,1,1,1,1,1,2,2,1,1,1,-1,-1,-1,0,0,0,0,0,0,0,0,0,0,0,0,0,0,-1,-1,0,0,0,0,0,-1,0,-1,0,0,0,0,0,0,0,0,0,0,0,0,0.823,0,0,-0.544,0,0,0,0,0,-0.176,-0.176,0,0,0,0,0,0,0,0,0,0,0,0,0,0
TCGA-HT-8109,592,1,169,1,1,0,0,0,0,0,0,0,0,0,0,0,0,0,0,0,0,0,0,0,0,0,0,0,0,0,0,-1,-1,0,0,0,0,0,0,0,0,0,0,0,0,0,0,0,0,0,0,0,0,0,0,0,0,0,0,0,0,0,0,0,0,0.152,0.152,0,0,0,0,0,0,0,0,0,0,0,0,0,0,0,0
TCGA-HT-8110,593,1,419,0,0,2,0,0,1,1,1,1,1,1,0,0,0,0,0,-2,-2,-1,-1,-1,-1,-1,-1,-1,-1,0,0,0,-2,0,0,0,0,0,0,0,0,0,1,0,0,-1,0,0,0,0,0,0,0,0,0,0,0,0.51,0.51,0,0,0,0,-0.52,-0.52,0,0,0,0,0,-0.525,0,0,0,0,0,0,0,0,0,0,0,0
TCGA-HT-8111,594,1,7,0,1,0,0,1,0,0,0,0,0,0,0,0,0,0,0,0,0,0,0,0,0,0,0,0,0,0,0,0,0,0,0,0,0,0,0,0,0,0,0,0,-1,0,0,0,0,-0.134,-0.134,0,0,0,0,0,0,0,0,0.185,0.185,0,0,0.735,0,-0.117,-0.117,0,0,0,0,0,0,0,0,0,0.338,0.338,-0.123,0,0,0,0
TCGA-HT-8113,595,1,900,0,1,0,-1,0,0,0,0,0,0,0,-1,-1,0,0,0,0,0,0,0,0,0,0,0,0,0,0,0,-1,-1,0,0,0,0,0,0,0,0,0,0,0,0,0,-0.165,0,0,0,0,0,0,0,0,0,0,0,0,0,0,0,0,0,0,0,0,0,0,0,0,0,0,0,0,0,0,0,0,0,0,0,0
TCGA-HT-8114,596,1,1040,0,1,0,0,0,2,2,2,2,2,2,0,0,0,0,0,0,0,0,0,0,0,0,0,0,0,0,0,0,0,0,0,0,0,0,0,0,0,0,0,0,0,0,0,0,0,0,0,0,0,0,0,0,0,0,0,0,0,0,0,0.473,0,0,0,0,0,0,0,0,0,0,0,0,0,0,0,0,0,0,0
TCGA-HT-8558,597,1,418,0,0,,,,,,,,,,,,,,,,,,,,,,,,,,,,,,,,,,,,,,,,,,,,,,,,,,,,,,,,,,,,,,,,,,,,,,,,,,,,,,
TCGA-HT-8563,598,1,860,0,1,0,0,0,0,0,0,0,0,0,0,0,0,0,0,0,0,-1,-1,-1,-1,-1,-1,-1,-1,0,0,0,0,-1,-1,1,0,0,0,-1,-1,-1,0,0,0,0,0,0,0,0,0,0,0,0,0,0.414,0,0,0,0,0,0,0,0,0,-0.481,-0.481,0,0,0,0,0,0,0,0,0,0,0,0,0,0.399,0,0
TCGA-HT-8564,599,1,478,0,0,1,0,-1,1,1,1,1,1,1,0,0,0,0,0,0,0,-1,-1,-1,-1,-1,-1,-1,-1,0,0,0,0,-1,-1,-1,-1,-1,-1,-1,-1,-1,1,0,-1,-1,0,0.102,0.102,-0.293,-0.293,0,0,0,0,-0.657,-0.657,0.107,0.107,-0.684,-0.684,0,0,-0.291,-0.291,-0.274,-0.274,0,0,-0.37,-0.691,0,-0.187,-0.187,-0.198,-0.198,-0.704,-0.704,-0.318,0,0,-0.359,0
TCGA-HT-A4DS,600,1,7,0,0,1,1,-1,1,1,1,1,1,1,1,1,0,0,0,-2,-2,-1,-1,-1,-1,-1,-1,-1,-1,0,0,1,-2,0,0,-2,-1,-1,-1,-1,-1,-1,1,0,0,-1,0.69,0.561,0.561,0.663,0.663,0,0,0,0,-0.696,-0.696,0.83,0.83,-0.688,-0.688,0,0,-0.174,-0.174,0,0,0,0,0,-0.866,0,0,-0.677,-0.668,0,0,0,0,0,0,0,0
TCGA-HT-A4DV,601,1,792,1,1,0,0,0,0,0,0,0,0,0,0,0,0,0,0,0,0,0,0,0,0,0,0,0,0,0,0,-1,-1,0,0,0,0,0,0,0,0,0,0,0,0,0,0,0,0,0,0,0,0,0,0,0,0,0,0,0,0,0,0,0,0,0,0,0,0,0,0,0,0,0,0,0,0,0,0,0,0,0,0
TCGA-HT-A5R5,602,1,4,0,1,1,0,0,1,1,1,1,1,1,0,0,0,0,0,0,0,0,0,0,0,0,0,0,0,0,0,0,0,0,0,0,0,0,0,0,0,0,1,0,0,0,0,0,0,0,0,0,0,0,0,0,0,0.266,0.827,0,0,0,0,0,0,0,0,0,0,0,0,0,0,0,0,0,0,0,0,0,0,0,0
TCGA-HT-A5R7,603,1,615,0,1,0,1,1,-1,-1,1,-1,-1,-1,1,1,0,0,0,0,0,-1,0,0,0,0,0,0,0,-1,-1,0,0,-1,-1,0,0,0,0,0,0,0,0,0,0,-1,0,-0.124,0,0,0,3.657,3.421,0,0,0,0,0,0,0.103,0.103,0,0,0,-0.26,-0.357,-0.357,-0.25,-0.25,0.424,0,0,0.132,0.132,0,0,0,0,0,0,0,0,0
TCGA-HT-A5R9,604,1,2,1,1,1,0,0,1,1,1,1,1,1,0,0,0,0,0,0,0,0,0,0,0,0,0,0,0,0,0,-1,-1,0,0,0,0,0,0,0,0,0,1,0,0,0,0,0,0,0,0,-0.806,-0.806,0,0,0,0,0.901,0.901,0,0,0,0,0,0,0,0,0,0,0,0,0,0,0,0,0,0,0,0,0,0,0,0
TCGA-HT-A5RA,605,1,832,0,0,2,0,0,1,1,1,1,1,1,0,0,0,0,0,-2,-2,-1,0,0,0,0,0,0,0,0,0,-1,0,0,0,0,0,0,0,0,0,0,0,-1,1,-1,0,0,0,-0.94,0,0,0,0,0,0,0,0,0.901,0,0,-0.815,0,-0.943,-0.943,0,0,0,0,0,0,0,0,0,0,0,0,0,0.792,0,0,1.027,0
TCGA-HT-A5RB,606,1,3,0,1,0,0,0,0,0,0,0,0,0,0,0,0,0,0,-1,-1,0,0,0,0,0,0,0,0,0,0,0,0,0,0,0,-1,-1,-1,-1,-1,-1,0,-1,0,0,0,0,0,0,0,0,0,0,0,0,-0.805,0,0,0,0,-0.21,-0.21,0,0,0,0,0,0,0,0,0,0,0,0,0,-0.147,-0.147,0,0,0,0,0
TCGA-HT-A5RC,607,0,162,0,0,2,0,0,1,1,1,1,1,1,0,0,0,0,0,-2,-2,-1,0,0,0,0,0,0,0,0,0,0,0,0,0,0,0,-1,0,0,0,0,1,0,1,-1,0,0,0,0,0,0,0,0,0,0,0,0.766,0.766,0,0,0,0,-0.764,-0.764,0,0,0,0,0,0,0,0,0,0,0,0,0,0.653,0.748,0.748,0,0
TCGA-HT-A614,608,1,82,0,1,0,0,1,0,0,0,0,0,0,0,0,0,0,0,-1,-1,0,0,0,0,0,0,0,0,-2,-2,0,0,-1,-1,-1,0,0,0,0,0,0,0,-1,0,0,0,0,0,0,0,0,0,-0.174,-0.174,0,0,0,0,0,0,-0.329,-0.329,0,0,-0.138,-0.138,0.817,0,0,0,0,0,0,0,0,0,0,0,0,0,0,-0.241
TCGA-HT-A615,609,1,515,1,1,0,0,0,0,0,0,0,0,0,0,0,0,0,0,0,0,0,-1,-1,-1,-1,-1,-1,-1,2,2,-1,-1,0,0,0,0,0,0,0,0,0,0,0,1,0,0,0,0,0,0,0,0,0,0,0,0,0,0,0,0,0,0,0,0,0,0,0,0,0,0,0,0,0,0,0,0,0,0.111,0,0,0,0
TCGA-HT-A616,610,1,55,0,1,0,0,2,1,1,1,1,1,1,0,0,0,0,0,0,0,0,0,0,0,0,0,0,0,0,0,0,0,0,0,0,0,0,0,0,0,0,0,0,0,0,0,0,0,0,0,0,0,0,0,0,0,0,0.677,0,0,0,0,0,0,-0.539,0,0,0,0,0,0,0,0.464,0,0,-0.274,0,0,0,0,0,0
TCGA-HT-A617,611,1,491,0,0,1,0,0,1,1,1,1,1,1,0,0,0,0,0,0,0,-1,-1,-1,-1,-1,-1,-1,-1,0,0,-1,-1,-1,-1,-1,-1,-1,-1,-1,-1,-1,1,0,0,-1,0,0,0,0,0,0,0,0,0,-0.445,-0.445,0.444,0.444,0,0,0,0,-0.433,-0.433,0,0,0,0,-0.46,-0.451,0,0,0,0,0,-0.413,-0.413,0,0,0,0,-0.458
TCGA-HT-A618,612,1,512,0,1,0,0,0,-1,-1,0,-1,-1,-1,0,0,-1,-1,-1,0,0,0,-1,-1,-1,-1,-1,-1,-1,-1,-1,0,0,0,0,0,0,0,0,0,0,0,0,-1,-1,0,0,0,-0.118,0,0,0,0,0,-0.31,0,0,0,0,0,0,0,0,0,0,-0.719,0,0,-0.706,0,-0.368,-0.355,0.123,0.123,0,0,0,0,0,0,-0.323,0,-0.277
TCGA-HT-A61A,613,1,194,0,1,,,,,,,,,,,,,,,,,,,,,,,,,,,,,,,,,,,,,,,,,,,,,,,,,,,,,,,,,,,,,,,,,,,,,,,,,,,,,,
TCGA-HT-A61B,614,1,533,0,1,0,0,0,0,0,0,0,0,0,0,0,-1,-1,-1,0,0,0,0,0,0,0,0,0,0,0,0,0,0,-1,-1,0,0,0,0,0,0,0,0,0,1,0,0,-0.351,-0.351,0,0,0,0,-0.845,-0.845,0,0,0,0,0,0,0.718,0.718,0,0,-0.831,-0.189,0,-0.394,-0.511,0,-0.406,0,0,0,0,0,0,0.298,0,0,-0.413,0
TCGA-HT-A74H,615,1,74,0,0,1,0,0,1,1,1,1,1,1,0,0,0,0,0,0,0,-1,0,0,0,0,0,0,0,0,0,-1,-1,0,0,0,0,0,0,0,0,0,1,0,0,-1,0,0,0,0,0,0,0,0,0,0,0,0.426,0.426,0,0,0,0,-0.382,-0.382,0,0,0,0,0,0,0,0,0,0,0,0,0,0,0.401,0.401,0.812,0
TCGA-HT-A74J,616,1,320,0,1,1,0,1,1,1,1,1,1,1,0,0,0,0,0,-2,-2,0,0,0,0,0,0,0,0,0,0,0,0,0,0,0,0,0,0,0,0,0,1,-2,0,0,0,0,0,0,0,0,0,0,0,0,0,0.773,0.773,0.75,0.75,0,0,0,0,0,0,0,0,0,0,0,0,0,0,0,0,0,0,0,0,0,0
TCGA-HT-A74K,617,1,467,1,1,1,0,0,1,1,1,1,1,1,0,0,-1,-1,-1,0,0,0,0,0,0,0,0,0,0,0,0,-1,-1,0,0,0,0,0,0,0,0,0,1,0,0,0,0,0,0,0,0,-0.331,-0.331,0,0,0,0,0.105,0.105,0,0,0,0,0,0,0.212,0.212,0,0,0,0,-0.356,0,0,0,0,0,0,0,0,0,0,0
TCGA-HT-A74L,618,1,336,1,1,0,0,0,2,2,2,2,2,2,0,0,0,0,0,0,0,0,0,0,0,0,0,0,0,0,0,-1,-1,0,0,-1,0,0,0,0,0,0,0,0,0,0,0,0,0,0,0,0,0,0,0,0,0,0,0,0,0,0,0,0,0,0,0,0,0,0,0,0,0,0,0,0,-0.798,-0.798,0,0,0,0.783,0
TCGA-HT-A74O,619,1,3,0,1,0,0,1,1,1,1,1,1,1,0,0,0,0,0,0,0,0,0,0,0,0,0,0,0,0,0,0,0,-1,-1,0,0,0,0,0,0,0,0,0,0,0,0,0,0,0,0,0,0,0,0,0,0,0,0.884,0,0,0,0,0.807,0,0,0,0,0,0,0,0,0,0,0,0,0,0,0,0,0,0,0
TCGA-HW-7487,620,1,1382,1,1,0,0,0,0,0,0,0,0,0,0,0,0,0,0,0,0,0,0,0,0,0,0,0,0,0,0,-1,-1,0,0,0,0,0,0,0,0,0,0,0,0,0,0,0,0,0,0,-0.306,-0.306,0,0,0,0,0,0,0,0,0,0,0,0,0,0,0,0,0,0,0,0,0,0,0,0,0,0,0,0,0,0
TCGA-HW-7489,621,0,1262,0,1,0,0,0,0,0,0,0,0,0,0,0,0,0,0,0,0,0,-1,-1,-1,-1,-1,-1,-1,-2,-2,0,0,-1,-1,0,0,0,0,0,0,0,0,0,0,0,0,0,0,0,0,0,0,0,0,0,0,0,0,0,0,0,0,0,0,0,0,0,0,-0.111,-0.157,0,0,0,0,0,0.011,0.011,0,0,0,0,0
TCGA-HW-7490,622,1,1387,0,1,0,0,0,0,0,0,0,0,0,0,0,0,0,0,-1,-1,0,0,0,0,0,0,0,0,0,0,0,0,0,0,-1,0,0,0,0,0,0,0,-1,0,0,0,0,0,0,0,0,0,0,0,0,0,0,0,0,0,-0.274,0,0,0,0,0.842,0,0,0,0,0,0,0,0,0,0,0,0,0,0,-0.842,0
TCGA-HW-7491,623,1,2078,1,1,0,0,0,0,0,0,0,0,0,0,0,0,0,0,0,0,0,0,0,0,0,0,0,0,0,0,-1,-1,-1,-1,0,0,0,0,0,0,0,0,0,0,0,0,0,0,0,0,-0.852,-0.852,0,0,0,0,0,0,0,0,0,0,0,0,0,0,0,0,-0.868,0,0,0,0,0,0,-0.865,-0.865,0,0,0,0,0
TCGA-HW-7493,624,1,2107,NA,NA,0,0,0,0,0,0,0,0,0,0,0,0,0,0,0,0,0,0,0,0,0,0,0,0,0,0,0,0,0,0,-2,0,0,0,0,0,0,0,0,0,0,0,-0.107,-0.107,0,0,0,-0.105,0,0,0,0,0,0,0,0,0,0,0.717,0,0,0,0,0,0,0,0,0,0,0,0,0,0,0,0,0,0,0
TCGA-HW-7495,625,1,1078,1,1,0,0,0,1,1,1,1,1,1,0,0,0,0,0,0,0,0,0,0,0,0,0,0,0,0,0,-1,-1,0,0,0,0,0,0,0,0,0,0,0,1,0,0,0,0,0,0,0,0,0,0,0,0,0,0.516,0,0,0,0,0,0,0,0,0,0,0,0,0,0,0,0,0,0,0,0.104,0,0,0,0
TCGA-HW-8319,626,0,1209,0,1,0,0,0,0,0,0,0,0,0,0,0,0,0,0,-2,-2,0,0,0,0,0,0,0,0,0,0,0,0,0,0,0,0,0,0,0,0,0,0,-2,0,0,0,0,0,0,0,0,0,0,0,0,0,0,0,0,0,0,0.639,0,0,-0.269,0.491,0,0,0,0,0,0,0,0,0,0,0,0,0,0,0,0
TCGA-HW-8320,627,1,1217,0,1,0,0,0,0,0,0,0,0,0,0,0,0,0,0,-1,-1,0,0,0,0,0,0,0,0,0,0,0,0,0,0,0,0,0,0,0,0,0,0,-1,0,0,0,0,0,0,0,0,0,0,0,0,0,0,0,0,0,-0.377,0,0,0,0,0,0,0,0,0,0,0,0,0,0,-0.101,-0.101,0,0,0,0,0
TCGA-HW-8321,628,1,1294,0,1,0,0,0,0,0,0,0,0,0,0,0,0,0,0,0,0,-1,0,0,0,0,0,0,0,0,0,0,0,0,0,0,0,0,0,0,0,0,0,0,0,-1,0,0,0,0,0,0,0,0,0,0,0,0,0,0,0,0,0,0,-0.165,0,0,0,0,0,0,0,0,0,0,0,0,0,0,0,0,0,0
TCGA-HW-8322,629,1,758,1,1,0,0,0,1,1,1,1,1,1,0,0,0,0,0,-1,-1,0,0,0,0,0,0,0,0,0,0,-1,-1,0,0,-1,0,0,0,0,0,0,0,-1,1,0,0,0,0,0,0,0,0,0,0,0,0,0,0.752,0,0,-0.622,0,0,0,0,0,0,0,0,0,0,0,0,0,0,0,0,0,0,0,0,0
TCGA-HW-A5KJ,630,0,962,1,1,0,0,0,1,1,1,1,1,1,0,0,0,0,0,0,0,0,0,0,0,0,0,0,0,0,0,-1,-1,0,0,0,0,0,0,0,0,0,0,0,0,0,0,0,0,0,0,0,0,0,0,0,0,0,0.826,0,0,0,0,0,0,0,0,0,0,0,0,0,0,0,0,0,0,0,0,0,0,0,0
TCGA-HW-A5KK,631,0,388,0,0,2,0,0,0,0,0,0,0,0,0,0,0,0,0,-2,-2,-1,-1,-1,-1,-1,-1,-1,-1,0,0,0,0,0,0,0,-1,-1,-1,-1,-1,-1,1,0,0,-1,0,0,0,0,0,0,0,0,0,0,-0.29,0,0,0,0,0,0,-0.29,-0.29,0,0,0,0,0,-0.289,0,0,0,0,0,-0.295,0,0,0.291,0.291,0,-0.288
TCGA-HW-A5KL,632,1,878,0,1,-1,0,0,0,0,0,0,0,0,0,0,0,0,0,0,0,0,0,0,0,0,0,0,0,0,0,0,0,0,0,0,0,0,0,0,0,0,-1,0,0,0,0,0,0,0,0,0,0,0,0,0,0,-0.123,0,0,0,0,0,0,0,0,0,0,0,0,0,0,0,0,0,0,0,0,0,0,0,0,0
TCGA-HW-A5KM,633,1,630,0,1,0,0,0,2,2,0,2,2,2,2,2,0,0,0,-1,-1,0,0,0,0,0,0,0,0,0,0,0,0,0,0,0,0,0,0,0,0,0,0,-1,0,0,0,0,0,0,0,0,0,0,0,0,0,0,0,0,0,-0.718,0,0,0,0,0,0,0,0,0,0,0,0,0,0,0,0,0,0,0,0,0
TCGA-IK-7675,634,0,578,0,1,0,0,0,0,0,0,0,0,0,0,0,0,0,0,-1,-1,-1,0,0,0,0,0,0,0,-1,-1,0,0,0,0,-1,0,0,0,0,0,0,0,0,0,-1,0,0,0,-0.128,-0.236,0,0,0,-0.972,0,0,0,0,0,0,-0.282,-0.282,0.854,0,-0.977,0,0,0,0,0,0,0,0,0.678,0.678,0,0,0,0,0,0,0
TCGA-IK-8125,635,1,1301,1,1,0,0,0,0,0,0,0,0,0,0,0,0,0,0,0,0,0,-1,-1,-1,-1,-1,-1,-1,0,0,-1,-1,0,0,0,0,0,0,0,0,0,0,0,0,0,0,0,0,0,0,-0.274,-0.274,0,0,0,0,0,0,0,0,0,0,0,0,0,0,0,0,0,-0.32,0,0,0,0,0,0,0,0,0,0,0,0
TCGA-KT-A74X,636,1,438,1,1,0,0,0,0,0,0,0,0,0,0,0,0,0,0,0,0,0,0,0,0,0,0,0,0,0,0,-1,-1,-1,-1,0,0,0,0,0,0,0,0,0,0,0,0,0,0,0,0,0,0,0,0,0,0,0,0,0,0,0,0,0,0,0,0,0,0,-0.796,0,0,0,0,0,0,0,0,0,0,0,0,0
TCGA-KT-A7W1,637,1,438,0,0,2,0,0,1,1,1,1,1,1,0,0,0,0,0,-2,-2,-1,0,0,0,0,0,0,0,0,0,0,0,0,0,0,0,0,0,0,0,0,1,0,1,-1,0,0,0,0,0,0,0,0,0,0,0,0.806,0.806,0,0,0,0,-0.844,-0.844,0,0,0,0,0,0,0,0,0,0,0,0,0,0.66,0,0,0,0
TCGA-OX-A56R,638,0,180,0,0,2,0,0,1,1,1,1,1,1,0,0,0,0,0,-2,-2,-1,-1,-1,-1,-1,-1,-1,-1,0,0,-2,-1,0,0,-1,-1,-1,-1,-1,-1,-1,1,-1,0,-1,0,0,0,0,0,0,0,0,0,-0.878,-0.878,0.827,0.827,0,0,-0.864,-0.864,-0.86,-0.86,0,0,0,0,0,-0.862,0,0,0,0,0,0,0,0,0,0,0,-0.842
TCGA-QH-A65R,639,1,461,1,1,0,0,0,0,0,0,0,0,0,0,0,0,0,0,0,0,0,0,0,0,0,0,0,0,0,0,-1,-1,0,0,0,0,0,0,0,0,0,0,0,0,0,0,0,0,0,0,0,0,0,0,0,0,0,0,0,0,0,0,0,0,0,0,0,0,0,0,0,0,0,0,0,-0.857,-0.857,0,0,0,0,0
TCGA-QH-A65S,640,1,77,0,1,0,-1,0,0,0,0,0,0,0,0,0,-1,-1,-1,0,0,0,0,0,0,0,0,0,0,-1,-1,0,0,-2,-2,0,0,0,0,0,0,0,0,0,0,0,-0.225,0,0,0,0,0,0,1.061,0.811,0,0,0,0,0,0,0,0,0,0,-0.039,0.683,0,0,0.564,0,-0.233,0,0,0,0,0,0,0,0,0,0,0
TCGA-QH-A65V,641,1,384,1,1,0,0,0,0,0,0,0,0,0,0,0,0,0,0,0,0,0,0,0,0,0,0,0,0,0,0,-1,-1,0,0,0,0,0,0,0,0,0,0,0,0,0,0,0,0,0,0,0,0,0,0,0,0,0,0,0,0,0,0,0,0,0,0,0,0,0,0,0,0,0,0,0,0,0,0,0,0,0,0
TCGA-QH-A65X,642,1,482,1,1,0,0,0,0,0,0,0,0,0,0,0,0,0,0,0,0,0,0,0,0,0,0,0,0,0,0,-1,-1,0,0,0,0,0,0,0,0,0,0,0,1,0,0,0,0,0,0,0,0,0,0,0,0,0,0,0,0,0,0,0,0,0.695,0.695,0,0,0,0,0,0,0,0,0,0,0,0.105,0,0,0,0
TCGA-QH-A65Z,643,1,427,1,1,0,0,0,0,0,0,0,0,0,0,0,0,0,0,0,0,0,0,0,0,0,0,0,0,0,0,-1,-1,-1,-1,0,0,0,0,0,0,0,0,0,0,0,-0.874,0,0,0,0,0,0,0,0,0,0,0,0,0,0,0,0,0,0,0,0,0,0,-0.875,0,0,0,0,0,0,-0.115,-0.115,0,0,0,0,0
TCGA-QH-A6CU,644,1,451,1,1,0,0,0,1,1,1,1,1,1,0,0,0,0,0,0,0,0,0,0,0,0,0,0,0,0,0,-1,-1,0,0,0,0,0,0,0,0,0,0,0,-1,0,0,0,0,0,0,0,0,0,0,0,0,0,0.685,0,0,0,0,0,0,0,0,0,0,0,0,0,0,0,0,0,0,0,0,0,0,0,0
TCGA-QH-A6CV,645,1,442,0,0,2,1,-1,1,1,1,1,1,1,1,1,0,0,0,-1,-1,-1,-1,-1,-1,-1,-1,-1,-1,1,1,-1,1,-1,-1,0,0,0,0,0,0,0,1,-1,1,-1,-0.036,0,0,0,0,0,0,1.396,1.396,0,0,1.278,1.278,-0.112,-0.112,-0.334,-0.334,-0.713,-0.713,0,0,0.359,0.359,-0.118,-0.333,0,0,0,0.38,0.38,0,0,0.831,1.29,1.29,0.299,0
TCGA-QH-A6CW,646,1,414,0,1,0,0,2,0,0,0,0,0,0,0,0,0,0,0,0,0,0,-1,-1,-1,-1,-1,-1,-1,0,0,0,0,-1,-1,0,0,0,0,0,0,0,0,0,0,0,0,-0.134,-0.134,0,0,0,0,0,0,0,0,0,0,0,0,0,0,0,0,0,0,0,0,-0.143,-0.111,0,0,0,0,0,0,0,0,0,0,0,0
TCGA-QH-A6CX,647,0,372,0,0,2,2,0,1,1,1,1,1,1,0,0,0,0,0,-2,-2,-1,0,0,0,0,0,0,0,0,0,0,0,0,0,-1,-1,-1,-1,-1,-1,-1,-1,0,0,-1,0,0,0,0,0,0,0,0,0,-0.378,-0.378,0,0.352,0,0,0,0,0,-0.376,0,0,0,0,0,0,0,0,0,0,0,0,0,0,0,0,0,0
TCGA-QH-A6CY,648,1,408,1,1,0,0,0,0,0,0,0,0,0,0,0,0,0,0,0,0,0,0,0,0,0,0,0,0,0,0,-1,-1,-1,-1,0,0,0,0,0,0,0,0,0,0,0,0,0,0,0,0,0,0,0,0,0,0,0,0,0,0,0,0,0,0,0,0,0,0,-0.675,0,0,0,0,0,0,0,0,0,0,0,0,0
TCGA-QH-A6CZ,649,1,279,1,1,0,0,0,0,0,0,0,0,0,0,0,0,0,0,-1,-1,0,-1,-1,-1,-1,-1,-1,-1,0,0,-1,-1,0,0,0,0,0,0,0,0,0,0,-1,1,0,-0.899,0,0,0,0,0,0,0,0,0,0,0,0,0,0,-0.25,-0.25,0,0,0.187,0.187,0,0,0,-0.778,0,0,0,0,0,0,0,0.116,0,0,0,0.863
TCGA-QH-A6X3,650,1,313,0,1,0,0,0,2,2,2,2,2,2,0,0,0,0,0,0,0,-2,0,0,0,0,0,0,0,0,0,0,0,0,0,0,0,0,0,0,0,0,0,0,0,0,0,0,0,0,0,0,0,0,0,0,0,0,0,0,0,0,0,0,0,0,0,0,0,0,0,0,0,0,0,0,0,0,0,0,0,0,0
TCGA-QH-A6X4,651,1,442,1,1,0,0,0,0,0,0,0,0,0,0,0,0,0,0,0,0,0,-1,-1,-1,-1,-1,-1,-1,0,0,-1,-1,0,0,0,0,0,0,0,0,0,0,0,0,0,0,0,0,0,0,0,-0.775,0,0,0,0,0,0,0,0,0,0,0,0,0,0,0,0,0,0,0,0,0,0,0,0,0,0,0,0,0,0
TCGA-QH-A6X5,652,1,497,1,1,0,0,0,0,0,0,0,0,0,0,0,0,0,0,0,0,0,0,0,0,0,0,0,0,0,0,-1,-1,0,0,0,0,0,0,0,0,0,0,0,0,0,0,0,0,0,0,0,0,0,0,0,0,0,0,0,0,0,0,0,0,0,0,0,0,0,0,0,0,0,0,0,0,0,0,0,0,0,0
TCGA-QH-A6X8,653,1,509,1,1,0,0,0,0,0,0,0,0,0,0,0,-1,-1,-1,0,0,0,0,0,0,0,0,0,0,0,0,-1,-1,-1,-1,0,0,0,0,0,0,0,0,0,0,0,0,0,0,0,0,0,0,0,0,0,0,0,0,0,0,0,0,0,0,0,0,0,0,-0.765,0,-0.74,0,0,0,0,0,0,0,0,0,0,0
TCGA-QH-A6X9,654,1,58,0,1,1,0,0,2,2,2,2,2,2,0,0,0,0,0,-2,-2,-2,0,0,0,0,0,0,0,0,0,0,0,0,0,0,0,0,0,0,0,0,1,-2,0,0,0,0,0,0,0,0,0,0,0,0,0,0.125,0.125,0,0,0,0,0,0,0,0,0,0,0.709,0,0,0,0,0,0,0.36,0,0,0,0,0.124,0
TCGA-QH-A6XA,655,1,502,0,1,1,0,2,1,1,1,1,1,1,0,0,0,0,0,0,0,0,0,0,0,0,0,0,0,0,0,0,0,0,0,0,0,0,0,0,0,0,0,0,0,0,0,0,0,0,0,0,-0.173,0,0,0,0,0,0.113,0,0,0,0,0.188,0,0,0,0,0,0,0,0,0,0,0,0,0,0,0,0,0,0,0
TCGA-QH-A6XC,656,1,508,0,0,2,0,0,1,1,1,1,1,1,0,0,0,0,0,-2,-2,-1,0,0,0,0,0,0,0,0,0,-1,0,0,0,0,0,0,0,0,0,0,1,0,1,-1,0,0,0,0,0,0,0,0,0,0,0,1.42,1.42,0,0,0,0,-0.754,-0.754,0,0,0,0,0,0,0,0,0,0,0,0,0,0.615,0.593,0.593,0,0
TCGA-QH-A870,657,1,395,0,1,0,0,0,2,2,2,2,2,2,0,0,0,0,0,0,0,0,-1,-1,-1,-1,0,-1,-1,0,0,0,0,0,0,0,-1,-1,-1,-1,-1,-1,0,0,0,0,0,0,0,0,0,0,0,0,0,0,-0.75,0,0,0,0,0,0,0,0,0,0,0,0,0,0,0,0,0,0,0,0,0,0,0,0,0,0
TCGA-R8-A6MK,658,1,2702,1,1,0,0,0,0,0,0,0,0,0,0,0,0,0,0,0,0,0,-1,-1,-1,-1,-1,-1,-1,0,0,-1,-1,0,0,0,0,0,0,0,0,0,0,0,1,0,0,0,0,0,0,0,0,0,0,0,0,0,0,0,0,0,0,0,0,0,0,0,0,0,0,0,0,0,0,0,0,0,0.116,0,0,0,0
TCGA-R8-A6ML,659,1,2860,1,1,0,0,0,0,0,0,0,0,0,0,0,0,0,0,0,0,0,0,0,0,0,0,0,0,0,0,-1,-1,0,0,0,0,0,0,0,0,0,0,0,1,0,0,0,0,0,0,0,0,0,0,0,0,0,0,0,0,0,0,0,0,0,0,0,0,0,0,0,0,0,0,0,0,0,0.137,0,0,0,0.1
TCGA-R8-A6MO,660,1,993,1,1,0,0,0,0,0,0,0,0,0,0,0,0,0,0,0,0,0,0,0,0,0,0,0,0,0,0,-1,-1,0,0,0,0,0,0,0,0,0,0,0,0,0,0,0,0,0,0,0,0,0,0,0,0,0,0,0,0,0,0,0,0,0,0,0,0,0,0,0,0,0,0,0,0,0,-0.657,0,0,0,0
TCGA-RR-A6KA,661,0,191,0,0,1,0,0,1,1,1,1,1,1,0,0,0,0,0,-2,-2,-1,0,0,0,0,0,0,0,0,0,0,0,0,0,0,0,0,0,0,0,0,1,0,1,-1,0,0,0,0,0,0,0,0,0,0,0,0.579,0.579,0,0,0,0,-0.586,0,0,0,0,0,0,0,0,0,0,0.152,0.152,0,0,0.488,0.557,0.557,0,0
TCGA-RR-A6KB,662,1,0,0,0,1,2,0,1,1,1,1,1,1,0,0,-1,-1,-1,-2,-2,-1,0,0,0,0,0,0,0,0,0,0,0,0,0,0,0,0,0,0,0,0,1,-1,0,-1,0,0,0,0,0,0,0,0,0,0,0,0.396,0.396,0,0,-0.388,-0.388,-0.4,-0.4,0,0,0,0,0,0,-0.384,0,0,0,0,0,0,0,0,0,0,0
TCGA-RY-A83X,663,1,939,1,1,0,0,0,0,0,0,0,0,0,0,0,-1,-1,-1,0,0,-1,0,0,0,0,0,0,0,0,0,-1,-1,0,0,0,0,0,0,0,0,0,0,0,1,-1,0,0,0,0,0,0,0,0,0,0,0,0,0,0,0,0,0,0,0,0,0,0,0,0,0,-0.749,0,0,0,0,0,0,0.117,0,0,0,0.112
TCGA-RY-A83Y,664,1,166,1,1,0,0,0,0,0,-1,0,0,0,0,0,0,0,0,0,0,0,0,0,0,0,0,0,0,0,0,-1,-1,0,0,0,0,0,0,0,0,0,0,0,1,0,-0.836,0,0,0,0,0,0,0,0,0,0,0,0,0,0,0,0,0,0,0,0,0,0,0,0,0,0,0,0,0,0,0,0.117,0,0,0,0
TCGA-RY-A83Z,665,1,301,0,1,0,0,1,0,0,0,0,0,0,0,0,0,0,0,-2,-2,-1,-1,-1,-1,-1,-1,-1,-1,-1,-1,0,0,-1,-1,0,1,1,-1,-1,-1,-1,0,-1,0,-1,0,0,0,0,0,0,0,-0.892,0,0,0,0,0,0,0,-0.801,0,0.774,0.297,-0.829,0,0,0,-0.347,-0.563,0,0,0,0,0,0,0,0,0,0,0,-0.217
TCGA-RY-A840,666,1,854,1,1,0,0,0,0,0,0,0,0,0,0,0,0,0,0,0,0,0,-1,-1,-1,-1,-1,-1,-1,0,0,-1,-1,0,0,0,0,0,0,0,0,0,0,0,1,0,0,0,0,0,0,0,0,0,0,0,0,0,0,0,0,0,0,0,0,0,0.761,0,0,0,-0.874,0,0,0,0,0,-0.14,-0.14,-0.698,0,0,0,0
TCGA-RY-A843,667,1,63,0,1,0,0,0,0,0,0,0,0,0,0,0,0,0,0,0,0,0,0,0,0,0,0,0,0,0,0,0,0,0,0,0,0,0,0,0,0,0,0,0,0,0,0,0,0,0,0,0,0,0,0,0,0,0,0,0,0,0,0,0,0,0,0,0,0,0,0,0,0,0,0,0,0,0,0,0,0,0,0
TCGA-RY-A845,668,1,596,0,1,1,0,0,1,1,1,1,1,1,0,0,0,0,0,0,0,0,0,0,0,0,0,0,0,0,0,0,0,0,0,0,0,0,0,0,0,0,1,0,0,0,0,0,0,0,0,0,0,0,0,0,0,0.726,0.726,0,0,0,0,0,0,0.129,0.129,0,0,0,0,0,0,0,0,0,0,0,0,0,0,0,0
TCGA-RY-A847,669,1,933,1,1,0,0,0,0,0,0,0,0,0,0,0,0,0,0,0,0,0,0,0,0,0,0,0,0,0,0,-1,-1,-1,-1,0,0,0,0,0,0,0,0,0,0,0,0,0,0,0,0,0,0,0,0,0,0,0,0,0,0,0,0,0,0,0,0,0,0,-0.112,0,0,0,0,0,0,0,0,0,0,0,0,0.403
TCGA-S9-A6TS,670,0,1891,0,1,-1,0,0,-1,-1,-1,-1,-1,-1,0,0,-1,-1,-1,-1,-1,-1,-1,-1,-1,-1,-1,-1,-1,-1,-1,-1,0,0,0,0,0,0,0,0,0,0,-1,-1,0,-1,0,0,0,0,0,0,0,0.277,0.277,0,0,-0.162,-0.162,0,0,-0.728,0,-0.135,-0.135,0,0,0,0,0,-0.269,-0.328,0,0,0.139,0.139,-0.136,-0.136,0,0,0,0,-0.242
TCGA-S9-A6TU,671,1,2650,0,1,0,0,0,0,0,0,0,0,0,0,0,0,0,0,0,0,0,0,0,0,0,0,0,0,0,0,0,0,0,0,0,0,0,0,0,0,0,0,0,0,0,0,0,0,0,0,0.217,0,0,0,0,0,0,0,0,0,0,0,0,0,0,0,0,0,0,0,0,0,0,0,0,0,0,0,0,0,0,0
TCGA-S9-A6TV,672,1,571,0,1,0,0,0,0,0,0,0,0,0,0,0,0,0,0,0,0,0,0,0,0,0,0,0,0,-1,-1,0,0,-1,-1,-1,0,0,0,0,0,0,0,0,2,0,0,0,0,0,-0.871,0,0,0,0,0,0,0,0,0,0,0,0,0,0,-0.489,-0.489,0,-0.864,0,0,0,0,0,0,0,0,0,0.158,0,0,0,0
TCGA-S9-A6TW,673,1,1250,1,1,0,0,0,0,0,0,0,0,0,0,0,0,0,0,-1,-1,0,0,0,0,0,0,0,0,0,0,-1,-1,0,0,0,0,0,0,0,0,0,0,-1,0,0,0,0,0,0,0,-0.584,-0.584,0,0,0,0,0,0,0,0,-0.034,0.448,0,0,0.536,0.536,0,0,0,0,0,0,0,0,0,-0.583,-0.583,0,0,0,0,0
TCGA-S9-A6TX,674,1,1245,1,1,0,0,0,0,0,0,0,0,0,0,0,0,0,0,0,0,0,0,0,0,0,0,0,0,0,0,-1,-1,0,0,0,0,0,0,0,0,0,0,0,2,0,0,0,0,0,0,0,0,0,0,0,0,0,0,0,0,0,0,0,0,0,0,0,0,0,0,0,0,0,0,0,-0.529,-0.529,-0.639,0,0,0,0
TCGA-S9-A6TY,675,1,1076,1,1,1,0,1,1,1,1,1,1,1,0,0,0,0,0,0,0,0,0,0,0,0,0,0,0,0,0,-1,-1,0,0,0,0,0,0,0,0,0,1,0,1,0,0,0,0,0,0,0,0,0,0,0,0,0.776,0.776,0.744,0.744,0,0,0,0,0.76,0.76,0,0,0,0,0,0,0,0,0,0,0,0.141,0,0,0,0
TCGA-S9-A6TZ,676,1,1120,0,1,0,0,0,0,0,0,0,0,0,0,0,0,0,0,0,0,0,0,0,0,0,0,0,0,0,0,0,0,0,0,-1,-1,-1,-1,-1,-1,-1,0,0,0,0,0,0,0,0,0,0,0,0,0,-0.861,-0.861,0,0,0,0,0,0,0,0,0,0,0,0,0,0,0,0,0,0,0,0,0,0,0,0,0,0
TCGA-S9-A6U0,677,0,742,0,0,2,0,0,1,1,1,1,1,1,0,0,0,0,0,-2,-2,-1,0,0,0,0,0,0,0,0,0,0,0,0,0,0,0,0,0,0,0,0,1,0,0,-1,0,0,0,0,0,0,0,0,0,0,0,0.485,0.485,0,0,0,0,-0.489,-0.489,0,0,0,0,0,0,0,0,0,0,0,0,0,0,0,0,0,0
TCGA-S9-A6U1,678,1,785,0,1,0,0,0,0,0,0,0,0,0,0,0,0,0,0,0,0,0,0,0,0,0,0,0,0,0,0,0,0,0,0,0,0,0,0,0,0,0,0,0,0,0,0,0,0,0,0,0,0,0,0,0,0,0,0,0,0,0,0,0,0,0,0,-0.106,-0.106,0,0,0,0,0,0.218,0.218,0,0,0,0,0,0,0
TCGA-S9-A6U2,679,1,908,1,1,0,0,0,0,0,0,0,0,0,0,0,-1,-1,-1,0,0,0,0,0,0,0,0,0,0,0,0,-1,-1,0,0,0,0,0,0,0,0,0,0,0,1,0,0,0,0,0,0,0,0,0,0,0,0,0,0,0,0,0,0,0,0,0,0,0,0,0,0,-0.599,0,0,0,0,0,0,0.117,0,0,0,0
TCGA-S9-A6U5,680,1,992,1,1,0,0,0,0,0,0,0,0,0,0,0,0,0,0,0,0,0,0,0,0,0,0,0,0,0,0,-1,-1,0,0,0,0,0,0,0,0,0,0,0,0,0,0,0,0,0,0,0,0,0,0,0,0,0,0,0,0,0,0,0,0,0,0,0,0,0,0,0,0,0,0,0,0,0,-0.667,0,0,0,0
TCGA-S9-A6U6,681,1,1069,0,1,0,0,2,0,2,0,0,0,0,0,0,0,0,0,0,0,0,0,0,0,0,0,0,0,0,0,0,0,0,0,0,-2,-2,-2,-2,-2,-2,0,0,0,0,0,0,0,0,0,0,0,0,0,0,0,0,0,0,0,0,0,0,0,0,0,0,0,0,0,0,0,0,0,0,0,0,0,0,0,0,0
TCGA-S9-A6U8,682,0,2988,0,1,0,0,0,0,0,0,0,0,0,0,0,0,0,0,0,0,0,0,0,0,0,0,0,0,0,0,0,0,0,0,0,0,0,0,0,0,0,0,0,0,0,0,0,0,0,0,0,0,0,0,0,0,0,0,0,0,0,0,0,0,0,0,0,0,0,0,0,0,0,0,0,0,0,0,0,0,0,0
TCGA-S9-A6U9,683,1,2918,0,1,0,0,0,0,0,0,0,0,0,0,0,0,0,0,0,0,0,0,0,0,0,0,0,0,0,0,0,0,0,0,0,0,0,0,0,0,0,0,0,0,0,0,0,0,0,0,0,0,0,0,0,0,0,0,0,0,0,-0.26,0,0,0,0,0,0,0,0,0,0,-0.272,0,0,0,0,0,0,0,0,0
TCGA-S9-A6UA,684,0,178,0,0,0,0,0,0,0,0,0,0,0,0,0,1,1,1,-2,-2,0,0,0,0,0,0,0,0,0,0,0,0,-1,-1,0,0,0,0,0,0,0,0,1,0,-1,0,0,0,0,0,0,0,0,0,0,0,0,0,0,0,0,0,-0.127,-0.127,0,0,0,0.564,-0.471,0,0.176,0,0,0,0.363,-0.507,0,0,0,0,0,-0.123
TCGA-S9-A6UB,685,1,3761,1,1,0,0,0,0,0,0,0,0,0,0,0,0,0,0,0,0,-1,0,0,0,0,0,0,0,0,0,-1,-1,0,0,0,0,0,0,0,0,0,0,0,2,0,0,0,0,0,0,-0.781,0,0,0,0,0,0,0,0,0,0,0,0,0,0,0,0,0,0,0,0,0,0,0,0,0,0,0,0,0,0,0
TCGA-S9-A6WD,686,1,2289,1,1,0,0,0,0,0,0,0,0,0,0,0,-1,-1,-1,0,0,0,-1,-1,-1,-1,-1,-1,-1,0,0,-1,-1,0,0,0,0,0,0,0,0,0,0,0,0,0,0,0,0,0,0,-0.114,-0.114,0,0,0,0,0,0,0,0,0,0,0,0,0,0.559,0,0,0,0,-0.373,0,0,0,0,-0.527,-0.527,0,0,0,0,0
TCGA-S9-A6WE,687,1,4113,1,1,0,0,0,0,0,0,0,0,0,0,0,0,0,0,0,0,0,0,0,0,0,0,0,0,0,0,-1,-1,0,0,0,0,0,0,0,0,0,0,0,1,0,0,0,0,0,0,0,0,0,0,0,0,0,0,0,0,0,0,0,0,0,0,0,0,0,0,0,0,0,0,0,0,0,0.1,0,0,0,0
TCGA-S9-A6WG,688,1,2602,0,1,0,0,2,0,0,0,0,0,0,0,0,0,0,0,0,0,0,0,0,0,0,0,0,0,0,0,0,0,0,0,0,0,0,0,0,0,0,0,0,0,0,0,0,0,0,0,0,0,0,0,0,0,0,0,0,0,0,0,0,0,0,0,0,0,0,0,0,0,0,0,0,0,0,0,0,0,0,0
TCGA-S9-A6WH,689,1,1173,1,1,0,0,1,0,0,0,0,0,0,0,0,0,0,0,-1,-1,0,0,0,0,0,0,0,0,0,0,-1,-1,0,0,0,0,0,0,0,0,0,1,-1,1,0,0,0,0,0,0,0,0,0,0,0,0,0,0,0.145,0.145,0.022,0.418,0,0,0.296,0.296,0,0,0,0,0,0.252,-0.541,0,0,-0.32,-0.32,0,0.128,0.128,0.104,0
TCGA-S9-A6WI,690,1,2585,0,1,0,-1,0,0,0,0,0,0,0,-1,-1,-1,-1,-1,0,0,0,0,0,0,0,0,0,0,0,0,-1,-1,0,0,0,0,0,0,0,0,0,0,0,-1,0,-0.116,0,0,0,0,0,0,0,0,0,0,0,0,0,0,0,0,0,0,0,0,0,0,0,0,-0.148,0,0,0,0,0,0,-0.113,0,0,0,0
TCGA-S9-A6WL,691,1,946,1,1,0,0,0,0,0,0,0,0,0,0,0,0,0,0,0,0,0,0,0,0,0,0,0,0,0,0,-1,-1,0,0,0,0,0,0,0,0,0,0,0,0,0,0,0,0,0,0,-0.549,-0.549,0,0,0,0,0,0,0,0,0,0,0,0,0,0,0,0,0,0,0,0,0,0.136,0.136,-0.537,-0.537,0,0,0,0.319,0
TCGA-S9-A6WM,692,1,604,0,0,2,1,-1,1,1,1,1,1,1,1,1,0,0,0,-2,-2,-1,-1,-1,-1,-1,-1,-1,-1,-1,-1,-1,1,0,0,0,0,0,0,0,0,0,1,1,1,-1,0.181,0.189,0.189,0.333,0.333,0,0,-0.254,-0.254,0,0,1.42,1.42,-0.42,-0.42,0.101,0.101,-0.956,-0.956,-0.603,-0.603,0,0,0,-0.581,0,0,0,-0.102,-0.102,-0.404,-0.404,0.341,0.142,0.142,0,0.127
TCGA-S9-A6WN,693,1,805,1,1,0,0,0,0,0,0,0,0,0,0,0,0,0,0,0,0,0,0,0,0,0,0,0,0,0,0,-1,-1,0,0,0,0,0,0,0,0,0,0,0,0,0,0,0,0,0,0,0,0,0,0,0,0,0,0,0,0,0,0,0,0,0,0,0,0,0,0,0,0,0,0,0,-0.43,-0.43,0,0,0,0,0
TCGA-S9-A6WO,694,1,566,0,1,0,0,1,1,1,1,1,1,1,0,0,0,0,0,0,0,0,0,0,0,0,0,0,0,-2,0,0,0,0,0,0,0,0,0,0,0,0,0,0,0,0,0,0,0,0.123,0,0,0,0,0,0,0,0,0.529,0.791,0.791,0,0,0,0,0,0,0,0,0,0,0,0,0,0,0,0,0,0,0,0,0,0
TCGA-S9-A6WP,695,1,567,1,1,0,0,2,0,0,0,0,0,0,0,0,0,0,0,0,0,0,-1,-1,-1,-1,0,-1,-1,0,0,-1,-1,0,0,0,0,0,0,0,0,0,0,-1,0,0,0,0,0,0,0,0,-0.779,0,0,0,0,0,0,0,0,0,0,0,0,0,0,0,0,0,0,0,0,0,0,0,-0.158,-0.158,0,0,0,0,0
TCGA-S9-A6WQ,696,1,428,0,1,0,0,0,0,0,0,0,0,0,0,0,0,0,0,0,0,-1,0,0,0,0,0,0,0,0,0,-1,-1,0,0,0,0,0,0,0,0,0,0,0,0,0,0,0,0,0,0,0,0,0,0,0,0,0,0,0,0,0,0,0,0,0,0,0,-0.579,0,0,0,0,0,0,0,0,0,0,0,0,0,0
TCGA-S9-A7IQ,697,1,1099,1,1,1,0,0,1,1,1,1,1,1,0,0,0,0,0,0,0,0,0,0,0,0,0,0,0,0,0,-1,-1,0,0,0,0,0,0,0,0,0,1,0,0,0,0,0,0,0,0,0,0,0,0,0,0,0.438,0.438,0,0,0,0,0,0,0,0,0,0,0,0,0,0,0,0,0,0,0,0,0,0,0,0
TCGA-S9-A7IS,698,0,241,0,1,0,0,0,0,0,0,0,0,0,0,0,0,0,0,-2,-2,-1,-1,0,0,0,0,0,0,-1,-1,0,0,-1,-1,-1,0,0,-1,0,-1,0,0,-1,-1,0,0,0,0,0,0,0,-0.767,0,0,0,0,0,0,0,0,-0.792,-0.792,0.645,0,0,0,0,0,0,0,0,0,0,0,0,0,0,-0.112,0,0,0,0
TCGA-S9-A7IX,699,0,819,0,0,2,0,0,1,1,1,1,1,1,0,0,0,0,0,-2,-2,-1,-1,-1,-1,-1,-1,-1,-1,0,0,-1,0,-1,-1,0,0,0,0,0,0,0,1,-1,0,-1,0,0,0,0,0,0,0,0,0,0,0,0.574,0.574,0,0,-0.548,0,-0.562,-0.562,0,0,0,0,-0.572,-0.565,0,-0.319,-0.319,0,0,0,0,0,0,0,0,-0.54
TCGA-S9-A7IY,700,1,715,1,1,0,0,0,0,0,0,0,0,0,0,0,0,0,0,0,0,0,0,0,0,0,0,0,0,0,0,-1,-1,-1,-1,0,0,0,0,0,0,0,0,0,0,0,0,0,0,0,0,-0.17,-0.17,0,0,0,0,0,0,0,0,0,0,0,0,0,0,0,0,-0.102,0,0,0,0,0,0,0,0,0,0,0,0,0
TCGA-S9-A7IZ,701,1,608,0,1,1,0,0,1,1,1,1,1,1,0,0,1,1,1,-2,-2,0,0,-2,-2,-2,-2,-2,-2,0,0,0,0,-1,-1,0,0,0,0,0,0,0,1,-2,1,0,0,0,0,0,0,-0.155,-0.155,0,0,0,0,0.771,0.771,0,0,-0.509,0,0,0,0.384,0.384,0.102,0,0,0,0.438,0,0,0,0,0,0,0,0,0,0,0
TCGA-S9-A7J0,702,1,609,0,1,1,0,0,1,1,1,1,1,1,0,0,0,0,0,-2,-2,-1,-1,-1,-1,-1,-1,-1,-1,0,0,0,0,-1,-1,0,0,0,0,0,0,0,0,-1,0,-1,0,0.108,0.108,0,0,0.229,-0.564,0,0,0,0,0.307,0.307,0,0,-0.759,0,0.915,0.627,0,0,0,0,-0.363,0,0,0,0.644,0,0,0,0,0,0,0,0,-0.516
TCGA-S9-A7J1,703,1,249,1,1,0,0,0,0,0,0,0,0,0,0,0,0,0,0,0,0,0,0,0,0,0,-1,0,0,0,0,-1,-1,0,0,0,0,0,0,0,0,0,0,0,1,0,0,0,0,0,0,0,0,0,0,0,0,0,0,0,0,0,0,0,0,0,0,0,0,0,0,0,0,0,0,0,0,0,0.107,0,0,0,0
TCGA-S9-A7J2,704,1,62,1,1,0,0,0,0,0,0,0,0,0,0,0,0,0,0,0,0,0,0,0,0,0,0,0,0,0,0,-1,-1,0,0,0,0,0,0,0,0,0,0,0,1,0,0,0,0,0,0,0,0,0,0,0,0,0,0,0,0,0,0,0,0,0,0,0,0,0,0,0,0,0,0,0,0,0,0.119,0,0,0,0
TCGA-S9-A7J3,705,1,629,1,1,0,0,0,0,0,0,0,0,0,0,0,0,0,0,0,0,0,0,0,0,0,0,0,0,0,0,-1,-1,-1,-1,0,0,0,0,0,0,0,0,0,0,0,0,0,0,0,0,0,0,0,0,0,0,0,0,0,0,0,0,0,0,0,0,0,0,-0.384,0,0,0,0,0,0,0,0,0,0,0,0,0
TCGA-S9-A7QW,706,1,458,0,1,0,0,1,1,1,2,1,1,1,0,0,0,0,0,0,0,2,0,0,0,0,0,0,0,0,0,0,0,0,0,0,0,0,0,0,0,0,0,0,0,0,0,0,0,0,0,0,0,0,0,0,0,0.859,0.859,0,0.775,0,0.793,0,0,0,0,0,0,0,0,0,0.825,0.825,0,0,0,0,0,0,0,0,0
TCGA-S9-A7QX,707,1,564,0,1,0,0,1,1,0,0,1,1,1,0,0,0,0,0,0,0,-1,-2,-2,-2,-2,-2,-2,-2,0,0,0,0,0,0,0,0,0,0,0,0,0,0,0,0,-1,0,0,0,0,0,0,0,0,0,0,0,0,0,0.913,0.913,0,0,0,0,0,0,0,-0.408,0,0,0,0,0,0,0,0,0,0,0,0,0,0
TCGA-S9-A7QY,708,1,863,1,1,0,0,0,1,1,1,1,1,1,0,0,0,0,0,0,0,0,0,0,0,0,0,0,0,0,0,-1,-1,0,0,0,0,0,0,0,0,0,0,0,0,0,0,0,0,0,0,0,0,0,0,0,0,0,0.667,0,0,0,0,0,0,0.202,0.202,0,0,0,0,0,0,0,0,0,-0.496,-0.496,0,0,0,0,0
TCGA-S9-A7QZ,709,1,826,1,1,0,0,0,0,0,0,0,0,0,0,0,-1,-1,-1,0,0,0,-1,-1,-1,-1,-1,-1,-1,0,0,-1,-1,0,0,0,0,0,0,0,0,0,0,0,1,0,0,0,0,0,0,0,0,0,0,0,0,0,0,0,0,0,0,0,0,0,0,0,0,0,-0.184,-0.396,0,0,0,0,0,0,0.119,0,0,0,0
TCGA-S9-A7R1,710,0,5166,1,1,0,1,0,2,2,2,2,2,2,1,1,0,0,0,-1,-1,0,0,0,0,0,0,0,0,0,0,-1,-1,0,0,0,0,0,0,0,0,0,0,-1,1,0,-0.085,0,0,0,0,0,0,0,0,0,0,0,0,0,0,-0.5,-0.5,0,0,0,0,0,0,0,0,0,0,0,0,0,0,0,0.733,0,0,0,0
TCGA-S9-A7R2,711,0,316,0,0,1,2,0,1,1,1,1,1,1,0,0,0,0,0,0,0,-1,-1,-1,-1,-1,-1,-1,-1,0,0,0,0,0,0,0,0,0,0,0,0,-1,1,0,0,-1,0,0,0,0,0,0,0,0,0,0,0,0.483,0.483,0,0,0,0,-0.471,-0.471,0,0,0,0,0,-0.471,0,0,0,0,0,-0.148,-0.148,0,0,0,0,0
TCGA-S9-A7R3,712,1,3013,0,1,0,0,0,0,0,0,0,0,0,0,0,0,0,0,-1,-1,-2,-1,-1,-1,-1,-1,-1,-1,0,0,0,0,0,0,0,-2,-2,-2,-2,-2,-2,-2,-1,0,0,0,0,0,0,0,0,0,0,0,0,0,0,0,0,0,-0.66,0,0,0,0,0,0,0,0,-0.66,0,0,0,0,0,0,0,0,0,0,0,0
TCGA-S9-A7R4,713,1,914,0,1,0,0,0,0,0,0,0,0,0,0,0,0,0,0,0,0,0,0,0,0,0,0,0,0,0,0,0,0,0,0,0,0,0,0,0,0,0,0,0,0,0,0,0,0,0,0,0,0,0,0,0,0,0,0,0,0,0,0,0,0,0,0,-0.131,-0.131,0,0,0,0,0,0,0,0,0,0,0,0,0,0
TCGA-S9-A7R7,714,1,3000,0,1,0,0,0,0,0,0,0,0,0,0,0,0,0,0,0,0,0,0,0,0,0,0,0,0,-1,-1,0,0,0,0,0,0,0,0,0,0,0,0,0,0,0,0,0,0,0,0,0,0,-0.616,0,0,0,0,0,0,0,0,0,0,0,-0.611,0,0,-0.511,0,0,0,0,0,0,0,0,0,0,0,0,0,0
TCGA-S9-A7R8,715,0,961,0,1,0,0,0,0,0,0,0,0,0,0,0,0,0,0,-1,-1,0,-1,-1,-1,-1,-1,-1,-1,0,0,0,0,0,0,0,-1,-1,-1,-1,-1,-1,0,-1,0,0,0,0,0,0,0,0,0,0,0,0,-0.875,0,0,0,0,-0.496,0,0,0,0,0,0,0,0,-0.866,0,0,0,0,0,0,0,0,0,0,0,0
TCGA-S9-A89V,716,1,569,0,0,0,0,0,0,0,0,0,0,0,0,0,0,0,0,0,0,0,-1,-1,-1,-1,-1,-1,-1,0,0,0,0,-1,-1,0,0,0,0,0,0,0,0,0,0,0,0,-0.228,0,-0.453,0,0,0,0,0,0,0,0,0,0,0,0,0,-0.109,0,-0.117,-0.117,-0.224,-0.224,-0.242,-0.335,0,-0.18,-0.18,0,0,-0.369,0,0,-0.479,0,0,-0.194
TCGA-S9-A89Z,717,1,623,0,1,0,-1,0,0,0,0,0,0,0,-1,-1,-1,-1,-1,-2,-2,-1,-1,0,0,0,0,0,0,-1,-1,0,0,-1,-1,0,0,0,0,0,0,0,0,1,0,-1,0,0,0,0,0,0,0,0,0,0,0,0,0,0.886,0.886,0,0,0.273,-0.378,-0.761,0.136,0,0,-0.833,0,-0.121,0,-0.787,0,0,0.709,0.709,0,0,0,-0.658,-0.19
TCGA-TM-A7C3,718,0,1666,0,0,2,2,0,1,1,1,1,1,1,0,0,0,0,0,0,0,-1,-1,-1,-1,-1,-1,-1,-1,1,1,0,0,-1,-1,0,0,0,0,0,0,0,1,0,1,-1,0,0,0,0,0,0,0,0.404,0.404,0,0,0.904,0.904,0,0,0,0,-0.913,-0.913,-0.437,-0.437,0,0,-0.154,-0.125,0,0,0,0,0,0,0,0.737,0.41,0.41,0,0
TCGA-TM-A7C4,719,1,1470,0,1,0,0,0,1,1,1,1,1,1,0,0,0,0,0,1,1,0,0,0,0,0,0,0,0,0,0,0,0,0,0,0,0,0,0,0,0,0,0,1,0,0,0,0,0,0,0,0,-0.633,0,0,0,0,0,0.62,0,0,0.616,0,0,0,-0.654,0,0,0,0,0,0,0,0,0,0,0,0,0,0,0,0,0
TCGA-TM-A7C5,720,1,1500,1,1,0,0,0,0,0,0,0,0,0,0,0,-1,-1,-1,0,0,0,0,0,0,0,0,0,0,0,0,-1,-1,0,0,0,0,0,0,0,0,0,0,0,0,0,0,0,0,0,0,-0.803,-0.803,0,0,0,0,0,0,0,0,0,0,0,0,0,0,0,0,0,0,-0.529,0,0,0,0,0,0,0,0,0,0,0
TCGA-TM-A7CA,721,1,1058,0,1,1,0,0,1,1,1,1,1,1,0,0,0,0,0,0,0,0,0,0,0,0,0,0,0,0,0,0,0,0,0,0,0,0,0,0,0,0,1,0,0,0,0,0,0,0,0,0,0,0,0,0,0,0.105,0.564,0,0,0,0,0.61,0,0,0,0,0,0,0,0,0,0,0,0,0,0,0,0,0,0,0
TCGA-TM-A7CF,722,1,1989,0,1,0,0,2,0,0,0,0,0,0,0,0,0,0,0,-1,-1,-1,0,0,0,0,0,0,0,0,0,0,0,0,0,-1,-1,-2,-1,0,0,-1,0,-1,2,0,0,0,0,0,0,0,0,0,0,-0.624,-0.624,0,0,0.152,0.152,-0.133,0,0,0,0,0,0,0,0,0,0,0,0,0,0,0,0,0,0,0,0,0
TCGA-TM-A84B,723,0,758,0,0,1,1,0,1,1,1,1,1,1,1,1,1,1,1,0,0,-1,0,0,0,0,0,0,0,0,0,0,0,0,0,0,0,0,0,0,0,0,1,0,1,-1,0.514,0,0,-0.952,-0.952,0,0,0,0,0,0,0.912,0.912,0,0,0,0,-0.955,-0.955,0,0,0,0,0,0,0,0,0,0,0,0,0,0.919,0,0,0,0
TCGA-TM-A84C,724,0,492,0,0,0,0,0,0,0,0,0,0,0,0,0,0,0,0,0,0,0,0,0,0,0,0,0,0,0,0,0,0,0,0,0,0,0,0,0,0,0,0,0,0,0,0,0,0,0,0,0,0,0,0,0,0,0,0,0,0,0,0,0,0,0,0,0,0,0,0,0,0,0,0,0,0,0,0,0,0,0,0
TCGA-TM-A84F,725,1,1796,0,1,0,0,0,0,0,0,0,0,0,0,0,0,0,0,0,0,0,0,0,0,0,0,0,0,0,0,0,0,-1,-1,2,0,0,0,0,0,0,0,0,0,0,0,0,0,0,0,0,0,0,0,0,0,0,0,0,0,0,0,0,0,0,0,0,0,-0.509,0,0,0,0,0,0,0,0,0,0,0,0,0
TCGA-TM-A84G,726,1,1236,1,1,0,0,0,0,0,0,0,0,0,0,0,0,0,0,0,0,0,0,0,0,0,0,0,0,0,0,-1,-1,0,0,0,0,0,0,0,0,0,0,0,1,0,0,0,0,0,0,0,0,0,0,0,0,0,0,0,0,0,0,0,0,0,0,0,0,0,0,0,0,0,0,0,-0.276,-0.276,0.141,0,0,0,-0.153
TCGA-TM-A84H,727,1,926,0,1,1,0,1,1,1,1,1,1,1,0,0,0,0,0,-1,-1,0,0,0,0,0,0,0,0,0,0,0,0,0,0,0,0,0,0,0,0,0,-2,-1,0,0,0,0,0,0,0,0,0,0,0,0,0,0.726,0.726,1.319,1.319,-0.707,-0.117,0.706,0,0,0,0,0,0,0,0,0,0,0,0,0,0,0,0,0,0.951,0
TCGA-TM-A84J,728,1,735,0,0,0,0,0,0,0,0,0,0,0,2,2,0,0,0,-1,-1,-1,0,0,0,0,0,0,0,0,0,0,0,0,0,0,0,0,0,0,0,0,0,-1,0,-1,0,0,0,-0.17,-0.17,0,0,0,0,0,0,0,0,0,0,-0.397,-0.397,-0.479,-0.479,-0.144,0.405,0,0,0,0,0,0,0,0,0,0,0,-0.142,0,0,0,0.505
TCGA-TM-A84L,729,0,1242,0,1,0,0,0,0,0,2,0,0,0,0,0,0,0,0,0,0,0,0,0,0,0,0,0,0,0,0,0,0,-2,-2,0,0,0,0,0,0,0,0,0,0,0,0,0,0,0,0,0,0,0,0,0,0,0,0,0,0,0,0,0,0,0,0,0,0,0,0,0,0,0,0,0,0,0,0,0,0,0,0
TCGA-TM-A84M,730,1,754,1,1,1,0,0,1,1,1,1,1,1,0,0,0,0,0,0,0,0,0,0,0,0,0,0,0,0,0,-1,-1,0,0,0,0,0,0,0,0,0,1,0,1,0,0,0,0,0,0,0,0,0,0,0,0,0.305,0.305,0,0,0,0,0,0,0,0,0,0,0,0,0,0,0,0.103,0.103,0,0,-0.753,0,0,0,0
TCGA-TM-A84O,731,0,1011,1,1,0,0,0,0,0,0,0,0,0,0,0,0,0,0,0,0,0,0,0,0,0,0,0,0,0,0,-1,-1,0,0,0,0,0,0,0,0,0,0,0,0,0,0,0,0,0,0,0,0,0,0,0,0,0,0,0,0,0,0,0,0,0,0,0,0,0,0,0,0,0,0,0,0,0,0,0,0,0,0
TCGA-TM-A84Q,732,1,772,0,1,0,0,1,0,0,0,0,0,0,0,0,0,0,0,0,0,0,-1,-1,-1,-1,-1,-1,-1,0,0,0,0,0,0,0,-1,-1,-1,-1,-1,-1,0,-1,2,0,0,0.409,0.308,0,0,0,0,0,0,0,-0.42,0,0,0.213,0.213,0,0,0,0,0,0,0,0,0,0,0,0,0.852,0,0,0,0,0,0,0,-0.192,0
TCGA-TM-A84R,733,1,566,1,1,0,0,0,0,0,0,0,0,0,0,0,0,0,0,0,0,0,0,0,0,0,0,0,0,0,0,-1,-1,-1,-1,0,0,0,0,0,0,0,0,0,0,0,0,0,0,0,0,0,-0.119,0,0,0,0,0,0,0,0,0,0,0,0,0,0,0,0,-0.349,0,0,0,0,0,0,0,0,0,0,0,0,0
TCGA-TM-A84S,734,1,454,1,1,0,0,0,0,0,0,0,0,0,0,0,0,0,0,0,0,0,0,0,0,0,0,0,0,0,0,-1,-1,-1,-1,0,0,0,0,0,0,0,0,0,0,0,0,0,0,0,0,0,0,0,0,0,0,0,0,0,0,0,0,0,0,0,0,0,0,-0.769,0,0,0,0,0,0,0,0,0,0,0,0,0
TCGA-TM-A84T,735,1,724,0,1,0,-1,2,0,0,0,0,0,0,0,0,0,0,0,0,0,0,0,0,0,0,0,0,0,0,0,0,0,0,0,0,0,0,0,0,0,0,0,0,0,0,0,0,0,0,0,-0.141,-0.141,0,0,0,0,0,0,0,0,0,-0.137,0,0,0,0,0,0,0,0,0,0,0,0,0,0,0,0,0,0,0,0
TCGA-TQ-A7RF,736,1,650,0,1,0,0,0,0,0,0,0,0,0,0,0,0,0,0,0,0,-1,-1,-1,-1,-1,-1,-1,-1,0,0,0,0,0,0,2,-1,-1,-1,-1,-1,-1,0,0,0,0,0,0,0,0,0,0,0,0,0,-0.092,-0.898,0,0,0,0,0,0,0,0,0,0,0,0,0,0,0,0,0,0,0,-0.135,-0.135,0,0,0,0,0
TCGA-TQ-A7RG,737,1,599,1,1,0,0,0,0,0,0,0,0,0,0,0,0,0,0,0,0,0,0,0,0,0,0,0,0,0,0,-1,-1,0,0,0,0,0,0,0,0,0,0,0,1,0,0,0,0,0,0,0,0,0,0,0,0,0,0,0,0,0,0,0,0,0,0,0,0,0,0,0,0,0,0,0,0,0,0.108,0,0,0,0
TCGA-TQ-A7RH,738,1,486,0,1,1,0,1,1,1,1,1,1,1,0,0,0,0,0,-1,-1,0,0,0,0,0,0,0,0,0,0,0,0,-1,-1,0,0,0,0,0,0,0,1,-1,0,0,0,0,0,-0.401,0,0,0,0,0,0,0,0.82,0.82,0.783,0.783,-0.322,0,0.337,0,0,0,0,0,-0.694,0,0,0,0,0,0,0,0,-0.685,0,0,0,0
TCGA-TQ-A7RI,739,1,62,1,1,1,0,0,1,1,1,1,1,1,0,0,0,0,0,0,0,0,0,0,0,0,0,0,0,0,0,-1,-1,0,0,0,0,0,0,0,0,0,1,0,1,0,0,0,0,0,0,0,0,0,0,0,0,0.705,0.705,0,0,0,0,0,0,0,0,0,0,0,0,0,0,0,-0.699,0,0,-0.738,0.12,0,0,0,0.101
TCGA-TQ-A7RJ,740,1,1229,0,1,0,0,0,0,0,0,0,0,0,0,0,0,0,0,0,0,-1,0,0,0,0,0,0,0,0,0,0,0,-1,-1,0,0,0,0,0,0,0,0,0,0,0,0,0,0,0,0,0,0,0,0,0,0,0,0,0,0,0,0,0,0,0,0.109,0,0,-0.209,0,0,0,0,0,0,0,0,0,0,0,0,0
TCGA-TQ-A7RK,741,1,1341,0,1,0,0,0,0,0,0,0,0,0,0,0,0,0,0,0,0,0,0,0,0,0,0,0,0,0,0,0,0,0,0,0,0,0,0,0,0,0,0,0,0,0,0,0,0,0,0,0,0,0,0,0,0,0,0,0,0,0,0,0,0,0,0,0,0,0,0,0,0,0,0,0.708,0,0,0,0,0,0,0
TCGA-TQ-A7RN,742,1,1026,1,1,0,0,0,0,0,0,0,0,0,0,0,0,0,0,0,0,0,-1,-1,-1,-1,-1,-1,-1,0,0,-2,-2,0,0,0,0,0,0,0,0,0,0,0,1,0,0,0,0,0,0,0,0,0,0,0,0,0,0,0,0,0,0,0,0,0.177,0.177,0,0,0,-0.168,0,0,0,0,0,0,0,0.14,0,0,0,0
TCGA-TQ-A7RO,743,1,949,1,1,0,0,0,0,0,0,0,0,0,0,0,-1,-1,-1,0,0,0,0,0,0,0,0,0,0,0,0,-1,-1,0,0,0,0,0,0,0,0,0,0,0,0,0,0,0,0,0,0,-0.226,-0.226,0,0,0,0,0,0,0,0,0,0,0,0,0,0,0,0,0,0,-0.407,0,0,0,0,0,0,-0.775,0,0,0,0
TCGA-TQ-A7RP,744,1,914,0,0,1,0,0,1,1,1,1,1,1,0,0,0,0,0,-1,-1,-1,0,0,0,0,0,0,0,0,0,0,0,0,0,0,0,0,0,0,0,0,1,-1,1,-1,0,0,0,0,0,0,0,0,0,0,0,0.254,0.254,0,0,-0.202,-0.202,-0.252,-0.252,0,0,0,0,0,0,0,0,0,0,0,0,0,0.207,0,0,0,0
TCGA-TQ-A7RQ,745,1,795,1,1,0,0,1,0,0,0,0,0,0,0,0,0,0,0,0,0,0,0,0,0,0,0,0,0,0,0,-1,-1,0,0,0,0,0,0,0,0,0,0,0,1,0,0,0,0,0,0,0,0,0,0,0,0,0,0,0.725,0.725,0,0,0,0,0,0,0,0,0,0,0,0,0,0,0,0,0,0.146,0,0,0,0.107
TCGA-TQ-A7RR,746,1,787,0,1,0,0,2,0,0,0,0,0,0,0,0,0,0,0,0,0,-1,-1,-1,-1,-1,-1,-1,-1,0,0,0,0,0,0,-1,0,0,0,0,0,0,0,-1,-1,0,0,0,0,0,0,-0.135,-0.135,0,0,0,0,0,0,-0.092,-0.092,0,0,0,0,-0.696,0,-0.286,-0.69,0,-0.285,0,0,0,0,0,0,0,0,0,0,-0.19,0
TCGA-TQ-A7RU,747,1,1032,1,1,0,0,0,0,0,0,0,0,0,0,0,0,0,0,0,0,0,0,0,0,0,0,0,0,0,0,-1,-1,0,0,0,0,0,0,0,0,0,0,0,0,0,0,0,0,0,0,-0.377,-0.377,0,0,0,0,0,0,0,0,0,0,0,0,0,0,0,0,0,0,0,0,0,0,0,0,0,0,0,0,0,0
TCGA-TQ-A7RV,748,1,1868,0,1,0,0,1,0,0,0,0,0,0,0,0,0,0,0,0,0,0,0,0,0,0,0,0,0,0,0,0,0,0,0,-2,0,0,0,0,0,0,0,-2,0,0,0,0,0,0,0,0,0,0,0,0,0,0,0,0.648,0.648,0,0,0.598,0,0,0,0,0,0,0,0,0,0,0,0,0,0,0,0,0,0,0
TCGA-TQ-A7RW,749,0,821,0,1,0,0,2,0,0,0,0,0,0,0,0,0,0,0,-1,-1,0,-1,-1,-1,-1,0,-1,-1,0,0,0,0,-1,-1,-1,-1,-1,-1,-1,-1,-1,0,-1,0,0,0,0,0,0,0,-0.685,-0.119,0,0,0,0,0,0,0,0.415,-0.377,0,0,0,0.112,0.112,0,0,0,0,0,0,0,0,0,0,0,0,0,0,0,-0.161
TCGA-TQ-A8XE,750,0,954,0,1,0,0,0,0,0,0,0,0,0,0,0,0,0,0,-1,-1,0,-1,-1,-1,-1,-1,-1,-1,0,0,0,0,0,0,0,-1,-1,-1,-1,-1,-1,-1,-1,0,0,0,0,0,0,0,0,0,0,0,0,0,0,0,0,0,-0.928,0,0,0,0,0,0,0,0,0,0,0,0,0,0,0,0,0,0,0,0,0
TCGA-VM-A8C8,751,1,1397,0,1,0,0,1,0,1,0,0,0,0,0,0,0,0,0,-1,-1,0,0,0,0,0,-1,0,0,0,0,0,0,0,0,-1,-1,-1,-1,-1,-1,-1,0,-1,0,0,0,-0.33,0,-0.356,-0.356,0,0,0,0,-0.373,-0.373,0,0,0.422,0.422,0,0,0.446,0,0,0.34,0,-0.412,0,0,0,0,0,0,0,0,0,0,0,0,0,0
TCGA-VM-A8C9,752,1,1314,0,0,0,0,0,-2,0,0,0,0,0,0,0,0,0,0,0,0,0,0,0,0,0,0,0,0,1,1,0,0,0,0,0,0,0,0,0,0,0,0,0,0,0,0,0,0,0,0,0,0,0.572,0.572,0,0,0,0,0,0,0,0,0,0,0,0,0,0,0,0,0,0,0,0,0,0,0,0,0,0,0,0
TCGA-VM-A8CA,753,1,411,0,1,0,1,1,0,0,0,0,0,0,1,1,0,0,0,0,0,0,0,0,0,0,0,0,0,0,0,-2,-2,1,1,0,0,0,0,0,0,0,0,0,1,0,0.37,0.331,0.331,0,0,0,0,0,0,0,0,0,0,0.352,0.352,0,0,0,0,0.36,0.36,0,0,0.352,0,0,0.364,0.364,0.363,0.363,-0.399,-0.399,0.359,0.345,0.345,0,0.386
TCGA-VM-A8CB,754,1,3,1,1,0,0,0,0,0,0,0,0,0,0,0,0,0,0,-1,-1,0,-1,-1,-1,-1,-1,-1,-1,0,0,-1,-1,0,0,0,0,0,0,0,0,0,0,-1,1,0,0,0,0,0,0,0,0,0,0,0,0,0,0,0,0,-0.145,0,0,0,0,0,0,0,0,-0.94,0,0,0,0,0,0,0,0.142,0,0,0,0.631
TCGA-VM-A8CD,755,0,240,0,0,0,0,0,0,0,0,0,0,0,0,0,0,0,0,-2,-2,-1,-1,-1,-1,-1,-1,-1,-1,0,0,-1,0,-1,-1,-1,-1,-1,-1,-1,-1,-1,0,-1,0,-1,0,0,0,0,0,0,0,0,0,-0.669,-0.669,0,0,0,0,-0.553,0,-0.658,-0.658,0,0,0,0,-0.671,-0.661,0,0,0,0,0,0,0,0,0,0,0,-0.651
TCGA-VM-A8CE,756,1,1191,1,1,0,0,0,0,0,0,0,0,0,0,0,0,0,0,0,0,0,0,0,0,0,0,0,0,0,0,-1,-1,0,0,0,0,0,0,0,0,0,0,0,1,0,0,0,0,0,0,0,0,0,0,0,0,0,0,0,0,0,0,0,0,0,0,0,0,0,0,0,0,0,0,0,0,0,0.102,0,0,0,0
TCGA-VM-A8CF,757,1,609,0,1,0,1,2,0,0,0,0,0,0,1,1,-1,-1,-1,-1,-1,0,-1,-1,-1,-1,-1,-1,-1,-1,-1,0,0,-1,-1,0,-1,-1,-1,-1,-1,-1,0,-1,0,0,0.374,0,0,0,0,0,0,0,0,0,-0.402,0,0,1.426,1.426,-0.39,0,0,0,-0.807,0.743,0,0,-0.383,-0.384,-0.374,0,0,0,0,0,0,0,0,0,-0.391,-0.367
TCGA-VM-A8CH,758,1,714,0,1,0,0,0,0,0,0,0,0,0,0,0,0,0,0,0,0,0,0,0,0,0,0,0,0,0,0,0,0,0,0,0,0,0,0,0,0,0,0,0,0,0,0,0,0,0,0,0,0,0,0,0,0,0,0,0,0,0,0,0,0,0,0,0,0,0,0,0,0,0,0,0.734,0,0,0,0,0,0,0
TCGA-VV-A829,759,1,1127,1,1,0,0,0,0,0,0,0,0,0,0,0,0,0,0,0,0,0,-1,-1,-1,-1,-1,-1,-1,0,0,-1,-1,0,0,0,0,0,0,0,0,0,0,0,0,0,0,0,0,-0.809,0,0,0,0,0,0,0,0,0,0,0,0,0,0,0,0,0,0,0,0,-0.864,0,0,0,0,0,0,0,0,0,0,0,0.839
TCGA-VV-A86M,760,1,487,0,1,0,0,0,0,0,0,0,0,0,0,0,-1,-1,-1,-2,-2,0,-2,-2,-2,-2,-2,-2,-2,0,0,0,0,0,0,0,-2,-2,-2,0,-2,0,0,-2,0,0,0,0,0,0,0,0,0,0,0,0,0,0,0,0,0,0,0,0,0,0,0,0,0,0,0,-0.318,0,0,0,0,0,0,0,0,0,0,0
TCGA-W9-A837,761,1,1553,1,1,0,0,0,0,0,0,0,0,0,0,0,-1,-1,-1,-1,-1,0,0,0,0,0,0,0,0,0,0,-1,-1,0,0,0,0,0,0,0,0,0,0,-1,1,0,0,0,0,0,0,0,0,0,0,0,0,0,0,0,0,-0.261,0,0,0,0,0,0,0,0,0,-0.209,0,0,0,0,0,0,0.107,0,0,0,0
TCGA-WH-A86K,762,1,405,0,1,0,1,0,0,0,0,0,0,0,1,1,0,0,0,-1,-1,0,0,0,0,0,0,0,0,-1,-1,0,0,0,0,0,0,0,0,0,0,0,0,-1,0,0,0.321,0,0,0,0,-0.166,-0.166,0,-0.312,0,0,0,0,0,0,0,0,0.772,0,0,0,0,-0.331,0,0,0,0,0,0,0,0,0,0,0,0,0,-0.327
TCGA-WY-A858,763,1,1337,0,1,0,0,1,0,0,0,0,0,0,0,0,0,0,0,-1,-1,0,-1,-1,-1,-1,-1,-1,-1,0,0,0,0,0,0,0,0,0,0,0,0,0,0,-1,-1,0,0,0,0,0,0,0,0,0,0,0,0,0,0,0,0,0,0,0.545,0,0,0,0.101,0,0,-0.683,0,0,0,0,0,0,0,-0.138,0,0,0,0
TCGA-WY-A859,764,1,1213,0,1,0,0,0,0,0,0,0,0,0,0,0,0,0,0,-1,-1,0,0,0,0,0,0,0,0,-1,-1,0,0,0,0,0,0,0,0,0,0,0,0,-1,0,0,0,0,0,0,0,0,-0.716,-0.43,-0.43,0,0,0,0,0,0,0,0,0.601,0,-0.728,0,0,0,0,0,0,0,0,0,0,0,0,0,0,0,0,0
TCGA-WY-A85A,765,1,1320,0,1,0,0,0,0,0,0,0,0,0,0,0,0,0,0,0,0,0,0,0,0,0,0,0,0,0,0,0,0,0,0,0,0,0,0,0,0,0,0,0,0,0,0,0,0,0,0,0,-0.291,0,0,0,0,0,0,0,0,0,0,1.231,0,0,0,0,0,0,0,0,0,0,0,0,0,0,0,0,0,0,0
TCGA-WY-A85B,766,1,1393,0,1,0,0,0,0,0,0,0,0,0,0,0,0,0,0,-1,-1,0,-1,-1,-1,-1,-1,-1,-1,-1,-1,0,0,0,0,0,-1,-1,-1,-1,-1,-1,0,1,0,0,0,0,0,0,0,0,0,0,0,0,-0.32,0,0,0,0,0,0,0,0,0,0.227,0,-0.365,0,-0.226,0,0,0,0,0,0,0,0,0,0,0,0
TCGA-WY-A85C,767,1,1426,0,1,0,0,0,0,0,0,0,0,0,0,0,0,0,0,0,0,0,0,0,0,0,0,0,0,0,0,0,0,0,0,0,0,0,0,0,0,0,0,0,0,0,0,0,0,0,0,0,0,0,0,0,0,0,0,0,0,0,0,0,0,0,0.746,0,0,0,0,0,0,0,0,0,0,0,0,0,0,0,0
TCGA-WY-A85D,768,1,1147,0,1,0,0,0,0,0,0,0,0,0,0,0,-1,-1,-1,0,0,-1,0,0,0,0,0,0,0,-1,-1,0,0,0,0,0,0,0,0,0,0,0,0,0,0,-1,0,0,0,0,0,0,0,0,0,0,0,0,0,0,0,0,0,0,0,0,0,0,0,0,0,-0.798,0,0,0,0,0,0,0,0,0,0,0
TCGA-WY-A85E,769,1,633,0,1,1,0,0,1,1,1,1,1,1,0,0,0,0,0,0,0,0,0,0,0,0,0,0,0,0,0,0,0,-1,-1,0,0,0,0,0,0,0,1,0,0,0,0,0,0,0,0,0,-0.106,0,0,0,0,0.608,0.608,0,0,0,0.581,0.646,0,0,0,0.317,0,0,0,0,0,0,0,0,0.55,0,0,0,0,0,0
